A0,A1,A2
0.327468,0.092864,0.161290
0.327468,0.097752,0.190616
0.327468,0.092864,0.185728
0.327468,0.092864,0.180841
0.327468,0.092864,0.161290
0.327468,0.092864,0.180841
0.327468,0.092864,0.185728
0.327468,0.092864,0.185728
0.327468,0.092864,0.185728
0.327468,0.092864,0.185728
0.327468,0.092864,0.180841
0.327468,0.092864,0.185728
0.327468,0.092864,0.161290
0.327468,0.092864,0.185728
0.327468,0.092864,0.175953
0.327468,0.092864,0.185728
0.327468,0.092864,0.190616
0.327468,0.092864,0.185728
0.327468,0.097752,0.190616
0.327468,0.092864,0.185728
0.327468,0.092864,0.185728
0.327468,0.092864,0.185728
0.327468,0.092864,0.185728
0.327468,0.092864,0.185728
0.327468,0.092864,0.161290
0.327468,0.092864,0.185728
0.327468,0.092864,0.190616
0.327468,0.092864,0.190616
0.327468,0.092864,0.190616
0.327468,0.092864,0.185728
0.322581,0.092864,0.190616
0.327468,0.097752,0.190616
0.327468,0.092864,0.161290
0.327468,0.092864,0.171065
0.327468,0.092864,0.190616
0.327468,0.092864,0.190616
0.327468,0.092864,0.190616
0.327468,0.092864,0.185728
0.322581,0.097752,0.190616
0.327468,0.092864,0.166178
0.327468,0.092864,0.190616
0.327468,0.092864,0.185728
0.327468,0.092864,0.185728
0.327468,0.092864,0.190616
0.327468,0.092864,0.185728
0.327468,0.092864,0.161290
0.327468,0.092864,0.161290
0.327468,0.092864,0.185728
0.327468,0.097752,0.185728
0.327468,0.097752,0.185728
0.327468,0.092864,0.185728
0.327468,0.097752,0.190616
0.327468,0.092864,0.185728
0.327468,0.097752,0.185728
0.327468,0.092864,0.185728
0.327468,0.097752,0.185728
0.327468,0.097752,0.185728
0.327468,0.092864,0.166178
0.327468,0.092864,0.185728
0.327468,0.092864,0.185728
0.327468,0.097752,0.190616
0.327468,0.097752,0.190616
0.322581,0.092864,0.195503
0.327468,0.092864,0.195503
0.327468,0.092864,0.200391
0.327468,0.092864,0.195503
0.327468,0.092864,0.195503
0.327468,0.092864,0.195503
0.327468,0.092864,0.161290
0.327468,0.092864,0.190616
0.327468,0.092864,0.200391
0.327468,0.092864,0.195503
0.327468,0.092864,0.200391
0.327468,0.097752,0.200391
0.327468,0.097752,0.195503
0.327468,0.092864,0.195503
0.327468,0.092864,0.195503
0.327468,0.092864,0.195503
0.327468,0.097752,0.195503
0.327468,0.097752,0.195503
0.327468,0.097752,0.200391
0.327468,0.097752,0.190616
0.327468,0.097752,0.195503
0.327468,0.092864,0.190616
0.327468,0.097752,0.195503
0.327468,0.097752,0.195503
0.322581,0.092864,0.195503
0.327468,0.097752,0.195503
0.327468,0.097752,0.195503
0.332356,0.092864,0.195503
0.327468,0.092864,0.195503
0.327468,0.092864,0.195503
0.332356,0.092864,0.195503
0.327468,0.097752,0.205279
0.327468,0.092864,0.210166
0.327468,0.097752,0.210166
0.327468,0.097752,0.215054
0.327468,0.092864,0.200391
0.327468,0.097752,0.205279
0.327468,0.092864,0.210166
0.327468,0.092864,0.205279
0.327468,0.097752,0.205279
0.327468,0.097752,0.210166
0.327468,0.092864,0.210166
0.327468,0.092864,0.215054
0.327468,0.097752,0.205279
0.327468,0.097752,0.205279
0.327468,0.097752,0.205279
0.327468,0.097752,0.210166
0.327468,0.097752,0.200391
0.327468,0.092864,0.205279
0.327468,0.092864,0.205279
0.327468,0.097752,0.205279
0.327468,0.092864,0.205279
0.327468,0.097752,0.210166
0.327468,0.097752,0.210166
0.327468,0.097752,0.210166
0.327468,0.097752,0.205279
0.327468,0.092864,0.205279
0.327468,0.092864,0.205279
0.327468,0.092864,0.205279
0.327468,0.092864,0.200391
0.327468,0.097752,0.205279
0.327468,0.097752,0.210166
0.327468,0.097752,0.205279
0.327468,0.097752,0.210166
0.327468,0.092864,0.205279
0.327468,0.092864,0.205279
0.327468,0.092864,0.205279
0.327468,0.097752,0.205279
0.327468,0.097752,0.200391
0.327468,0.092864,0.205279
0.332356,0.097752,0.200391
0.327468,0.097752,0.205279
0.327468,0.092864,0.205279
0.327468,0.097752,0.210166
0.327468,0.097752,0.205279
0.327468,0.097752,0.210166
0.327468,0.097752,0.205279
0.327468,0.092864,0.210166
0.327468,0.097752,0.210166
0.327468,0.097752,0.205279
0.327468,0.092864,0.205279
0.327468,0.097752,0.205279
0.327468,0.097752,0.205279
0.327468,0.097752,0.205279
0.327468,0.092864,0.210166
0.327468,0.097752,0.200391
0.327468,0.097752,0.205279
0.327468,0.097752,0.210166
0.327468,0.097752,0.210166
0.327468,0.097752,0.210166
0.327468,0.092864,0.210166
0.327468,0.097752,0.210166
0.327468,0.097752,0.210166
0.327468,0.097752,0.171065
0.332356,0.097752,0.205279
0.332356,0.097752,0.205279
0.327468,0.092864,0.205279
0.327468,0.097752,0.205279
0.327468,0.092864,0.205279
0.327468,0.092864,0.205279
0.327468,0.092864,0.205279
0.332356,0.097752,0.205279
0.327468,0.097752,0.205279
0.327468,0.092864,0.205279
0.327468,0.097752,0.210166
0.327468,0.097752,0.200391
0.327468,0.092864,0.205279
0.327468,0.097752,0.112414
0.327468,0.092864,0.200391
0.327468,0.097752,0.200391
0.327468,0.097752,0.200391
0.327468,0.092864,0.205279
0.327468,0.097752,0.205279
0.327468,0.092864,0.205279
0.327468,0.092864,0.205279
0.327468,0.097752,0.210166
0.327468,0.097752,0.210166
0.327468,0.092864,0.175953
0.327468,0.097752,0.205279
0.327468,0.097752,0.205279
0.327468,0.092864,0.210166
0.327468,0.092864,0.205279
0.327468,0.097752,0.205279
0.327468,0.097752,0.210166
0.327468,0.097752,0.210166
0.327468,0.097752,0.210166
0.327468,0.097752,0.210166
0.327468,0.097752,0.210166
0.327468,0.092864,0.210166
0.327468,0.092864,0.205279
0.332356,0.097752,0.205279
0.327468,0.092864,0.205279
0.327468,0.097752,0.175953
0.327468,0.092864,0.210166
0.327468,0.097752,0.200391
0.327468,0.092864,0.205279
0.327468,0.097752,0.210166
0.327468,0.097752,0.205279
0.327468,0.092864,0.205279
0.327468,0.097752,0.210166
0.327468,0.097752,0.210166
0.327468,0.097752,0.210166
0.327468,0.092864,0.205279
0.327468,0.097752,0.205279
0.327468,0.097752,0.205279
0.327468,0.092864,0.210166
0.327468,0.092864,0.205279
0.327468,0.097752,0.210166
0.332356,0.092864,0.210166
0.327468,0.092864,0.210166
0.327468,0.097752,0.210166
0.327468,0.092864,0.210166
0.322581,0.097752,0.210166
0.322581,0.092864,0.210166
0.327468,0.092864,0.205279
0.327468,0.092864,0.210166
0.327468,0.092864,0.205279
0.327468,0.097752,0.210166
0.327468,0.092864,0.210166
0.327468,0.097752,0.205279
0.327468,0.092864,0.210166
0.327468,0.097752,0.205279
0.327468,0.097752,0.210166
0.327468,0.097752,0.210166
0.327468,0.097752,0.210166
0.327468,0.097752,0.205279
0.327468,0.097752,0.205279
0.327468,0.097752,0.210166
0.327468,0.092864,0.205279
0.327468,0.092864,0.210166
0.327468,0.097752,0.205279
0.327468,0.097752,0.210166
0.327468,0.097752,0.210166
0.327468,0.092864,0.210166
0.327468,0.097752,0.210166
0.327468,0.097752,0.210166
0.327468,0.097752,0.205279
0.327468,0.092864,0.210166
0.327468,0.097752,0.210166
0.327468,0.097752,0.205279
0.327468,0.097752,0.205279
0.327468,0.097752,0.205279
0.332356,0.092864,0.205279
0.327468,0.097752,0.210166
0.327468,0.097752,0.205279
0.327468,0.097752,0.210166
0.327468,0.097752,0.205279
0.327468,0.097752,0.205279
0.322581,0.097752,0.205279
0.327468,0.097752,0.210166
0.327468,0.097752,0.210166
0.332356,0.097752,0.205279
0.327468,0.097752,0.210166
0.327468,0.097752,0.210166
0.327468,0.092864,0.205279
0.327468,0.097752,0.210166
0.327468,0.092864,0.205279
0.327468,0.092864,0.205279
0.327468,0.097752,0.205279
0.327468,0.092864,0.210166
0.327468,0.092864,0.205279
0.327468,0.092864,0.210166
0.327468,0.097752,0.180841
0.327468,0.092864,0.205279
0.327468,0.097752,0.205279
0.327468,0.092864,0.175953
0.327468,0.097752,0.210166
0.327468,0.092864,0.205279
0.322581,0.097752,0.210166
0.327468,0.092864,0.210166
0.327468,0.092864,0.205279
0.327468,0.092864,0.210166
0.327468,0.097752,0.205279
0.327468,0.097752,0.205279
0.327468,0.097752,0.205279
0.327468,0.092864,0.171065
0.327468,0.097752,0.205279
0.327468,0.092864,0.205279
0.327468,0.097752,0.210166
0.327468,0.097752,0.205279
0.327468,0.097752,0.205279
0.327468,0.097752,0.210166
0.327468,0.092864,0.205279
0.327468,0.097752,0.210166
0.327468,0.092864,0.205279
0.322581,0.097752,0.205279
0.327468,0.097752,0.205279
0.327468,0.097752,0.210166
0.327468,0.097752,0.205279
0.327468,0.097752,0.112414
0.327468,0.097752,0.102639
0.327468,0.092864,0.107527
0.327468,0.092864,0.166178
0.327468,0.092864,0.210166
0.327468,0.097752,0.205279
0.327468,0.092864,0.210166
0.327468,0.097752,0.210166
0.327468,0.097752,0.205279
0.327468,0.097752,0.210166
0.327468,0.097752,0.205279
0.327468,0.097752,0.210166
0.322581,0.092864,0.205279
0.327468,0.092864,0.205279
0.327468,0.092864,0.205279
0.327468,0.092864,0.205279
0.327468,0.097752,0.205279
0.327468,0.092864,0.205279
0.327468,0.092864,0.210166
0.322581,0.097752,0.200391
0.327468,0.097752,0.205279
0.322581,0.092864,0.210166
0.327468,0.097752,0.205279
0.327468,0.092864,0.210166
0.327468,0.097752,0.205279
0.322581,0.097752,0.210166
0.327468,0.092864,0.210166
0.327468,0.092864,0.210166
0.327468,0.092864,0.205279
0.327468,0.097752,0.210166
0.327468,0.092864,0.205279
0.327468,0.097752,0.205279
0.327468,0.097752,0.205279
0.327468,0.097752,0.205279
0.332356,0.097752,0.205279
0.327468,0.092864,0.205279
0.327468,0.097752,0.171065
0.327468,0.092864,0.205279
0.327468,0.097752,0.210166
0.327468,0.092864,0.210166
0.327468,0.097752,0.205279
0.327468,0.097752,0.205279
0.327468,0.097752,0.205279
0.322581,0.092864,0.205279
0.327468,0.092864,0.205279
0.322581,0.097752,0.205279
0.327468,0.097752,0.210166
0.327468,0.092864,0.205279
0.327468,0.097752,0.205279
0.327468,0.097752,0.210166
0.327468,0.097752,0.205279
0.327468,0.092864,0.210166
0.327468,0.092864,0.175953
0.327468,0.097752,0.210166
0.327468,0.092864,0.210166
0.327468,0.097752,0.205279
0.327468,0.097752,0.171065
0.327468,0.092864,0.205279
0.327468,0.097752,0.210166
0.327468,0.092864,0.205279
0.327468,0.097752,0.210166
0.322581,0.092864,0.210166
0.327468,0.097752,0.210166
0.327468,0.097752,0.185728
0.322581,0.092864,0.210166
0.327468,0.092864,0.205279
0.327468,0.097752,0.175953
0.327468,0.092864,0.210166
0.327468,0.092864,0.205279
0.327468,0.092864,0.205279
0.327468,0.092864,0.205279
0.327468,0.092864,0.205279
0.327468,0.097752,0.205279
0.322581,0.092864,0.205279
0.327468,0.092864,0.205279
0.327468,0.092864,0.210166
0.327468,0.097752,0.210166
0.322581,0.097752,0.210166
0.322581,0.092864,0.210166
0.327468,0.097752,0.200391
0.327468,0.097752,0.205279
0.322581,0.092864,0.205279
0.322581,0.092864,0.205279
0.327468,0.092864,0.205279
0.327468,0.092864,0.141740
0.327468,0.097752,0.210166
0.327468,0.092864,0.205279
0.327468,0.097752,0.205279
0.322581,0.092864,0.205279
0.327468,0.097752,0.210166
0.322581,0.097752,0.205279
0.327468,0.092864,0.210166
0.327468,0.097752,0.205279
0.327468,0.092864,0.205279
0.327468,0.097752,0.205279
0.327468,0.097752,0.205279
0.327468,0.092864,0.200391
0.327468,0.097752,0.205279
0.322581,0.097752,0.210166
0.322581,0.092864,0.210166
0.327468,0.092864,0.205279
0.322581,0.092864,0.205279
0.322581,0.092864,0.210166
0.327468,0.097752,0.175953
0.327468,0.092864,0.205279
0.322581,0.097752,0.205279
0.322581,0.092864,0.205279
0.322581,0.097752,0.210166
0.327468,0.097752,0.205279
0.327468,0.097752,0.205279
0.322581,0.092864,0.205279
0.322581,0.092864,0.210166
0.327468,0.092864,0.205279
0.322581,0.092864,0.210166
0.322581,0.092864,0.210166
0.322581,0.092864,0.210166
0.322581,0.097752,0.210166
0.322581,0.097752,0.215054
0.322581,0.092864,0.210166
0.322581,0.092864,0.210166
0.322581,0.097752,0.205279
0.327468,0.087977,0.210166
0.322581,0.092864,0.205279
0.322581,0.097752,0.205279
0.327468,0.092864,0.210166
0.322581,0.092864,0.205279
0.322581,0.097752,0.205279
0.322581,0.097752,0.205279
0.322581,0.092864,0.210166
0.322581,0.092864,0.210166
0.322581,0.097752,0.210166
0.322581,0.097752,0.210166
0.322581,0.092864,0.210166
0.322581,0.092864,0.205279
0.327468,0.097752,0.210166
0.322581,0.092864,0.210166
0.322581,0.097752,0.205279
0.322581,0.097752,0.205279
0.322581,0.092864,0.205279
0.322581,0.092864,0.205279
0.327468,0.092864,0.205279
0.322581,0.092864,0.205279
0.327468,0.097752,0.205279
0.322581,0.092864,0.210166
0.322581,0.097752,0.205279
0.327468,0.092864,0.205279
0.322581,0.092864,0.210166
0.327468,0.097752,0.210166
0.322581,0.097752,0.205279
0.322581,0.092864,0.205279
0.322581,0.092864,0.210166
0.322581,0.092864,0.210166
0.322581,0.092864,0.210166
0.322581,0.092864,0.210166
0.322581,0.092864,0.210166
0.327468,0.092864,0.205279
0.322581,0.092864,0.210166
0.322581,0.092864,0.210166
0.322581,0.097752,0.210166
0.322581,0.092864,0.210166
0.322581,0.092864,0.205279
0.327468,0.092864,0.205279
0.322581,0.092864,0.210166
0.327468,0.092864,0.205279
0.322581,0.092864,0.210166
0.322581,0.092864,0.205279
0.322581,0.097752,0.205279
0.322581,0.092864,0.205279
0.322581,0.092864,0.210166
0.322581,0.092864,0.210166
0.322581,0.092864,0.210166
0.327468,0.092864,0.210166
0.322581,0.092864,0.210166
0.322581,0.092864,0.210166
0.322581,0.092864,0.205279
0.322581,0.097752,0.180841
0.322581,0.092864,0.210166
0.322581,0.092864,0.210166
0.317693,0.092864,0.205279
0.322581,0.092864,0.210166
0.322581,0.092864,0.210166
0.322581,0.092864,0.205279
0.322581,0.092864,0.205279
0.322581,0.092864,0.210166
0.322581,0.092864,0.215054
0.322581,0.092864,0.210166
0.322581,0.092864,0.205279
0.322581,0.092864,0.210166
0.322581,0.092864,0.210166
0.322581,0.092864,0.205279
0.322581,0.092864,0.210166
0.322581,0.092864,0.210166
0.322581,0.092864,0.210166
0.322581,0.092864,0.210166
0.322581,0.092864,0.210166
0.322581,0.092864,0.210166
0.322581,0.092864,0.210166
0.322581,0.092864,0.210166
0.322581,0.092864,0.210166
0.322581,0.092864,0.210166
0.322581,0.092864,0.210166
0.322581,0.092864,0.210166
0.317693,0.092864,0.210166
0.322581,0.092864,0.210166
0.322581,0.092864,0.210166
0.322581,0.092864,0.210166
0.322581,0.092864,0.210166
0.322581,0.092864,0.210166
0.322581,0.092864,0.210166
0.317693,0.092864,0.215054
0.322581,0.092864,0.205279
0.322581,0.092864,0.210166
0.322581,0.092864,0.210166
0.322581,0.092864,0.215054
0.322581,0.092864,0.215054
0.322581,0.092864,0.215054
0.322581,0.092864,0.210166
0.322581,0.092864,0.215054
0.322581,0.092864,0.215054
0.322581,0.092864,0.215054
0.322581,0.092864,0.215054
0.317693,0.092864,0.215054
0.322581,0.092864,0.210166
0.322581,0.092864,0.210166
0.322581,0.092864,0.210166
0.322581,0.092864,0.210166
0.322581,0.092864,0.210166
0.322581,0.092864,0.210166
0.317693,0.092864,0.210166
0.317693,0.092864,0.210166
0.317693,0.092864,0.215054
0.322581,0.092864,0.215054
0.322581,0.092864,0.215054
0.322581,0.092864,0.215054
0.322581,0.092864,0.210166
0.322581,0.092864,0.215054
0.322581,0.092864,0.215054
0.322581,0.092864,0.215054
0.317693,0.092864,0.210166
0.322581,0.092864,0.210166
0.322581,0.092864,0.215054
0.322581,0.092864,0.219941
0.322581,0.092864,0.215054
0.317693,0.092864,0.215054
0.322581,0.092864,0.215054
0.317693,0.087977,0.210166
0.322581,0.092864,0.210166
0.317693,0.092864,0.205279
0.317693,0.092864,0.210166
0.317693,0.092864,0.215054
0.322581,0.092864,0.210166
0.317693,0.092864,0.215054
0.317693,0.092864,0.210166
0.322581,0.092864,0.215054
0.317693,0.092864,0.210166
0.317693,0.092864,0.215054
0.317693,0.092864,0.215054
0.322581,0.092864,0.210166
0.312805,0.092864,0.215054
0.317693,0.092864,0.215054
0.317693,0.092864,0.215054
0.317693,0.092864,0.215054
0.317693,0.092864,0.210166
0.317693,0.092864,0.210166
0.322581,0.092864,0.219941
0.317693,0.092864,0.215054
0.322581,0.092864,0.215054
0.317693,0.092864,0.210166
0.317693,0.092864,0.215054
0.317693,0.092864,0.210166
0.317693,0.092864,0.210166
0.317693,0.092864,0.210166
0.317693,0.092864,0.210166
0.317693,0.092864,0.210166
0.317693,0.092864,0.215054
0.317693,0.092864,0.215054
0.317693,0.092864,0.210166
0.312805,0.092864,0.215054
0.317693,0.092864,0.210166
0.322581,0.092864,0.219941
0.317693,0.092864,0.210166
0.317693,0.092864,0.215054
0.317693,0.092864,0.185728
0.317693,0.092864,0.215054
0.317693,0.092864,0.215054
0.317693,0.092864,0.210166
0.317693,0.092864,0.215054
0.317693,0.092864,0.210166
0.317693,0.092864,0.215054
0.317693,0.092864,0.215054
0.317693,0.092864,0.210166
0.317693,0.092864,0.215054
0.317693,0.092864,0.219941
0.317693,0.092864,0.215054
0.317693,0.092864,0.215054
0.317693,0.092864,0.215054
0.317693,0.092864,0.215054
0.317693,0.092864,0.210166
0.317693,0.092864,0.215054
0.317693,0.092864,0.215054
0.317693,0.087977,0.215054
0.317693,0.092864,0.215054
0.317693,0.092864,0.195503
0.317693,0.092864,0.210166
0.317693,0.092864,0.210166
0.317693,0.092864,0.210166
0.317693,0.087977,0.215054
0.317693,0.092864,0.215054
0.317693,0.092864,0.210166
0.317693,0.092864,0.210166
0.317693,0.092864,0.215054
0.317693,0.092864,0.215054
0.317693,0.092864,0.219941
0.312805,0.092864,0.215054
0.317693,0.092864,0.215054
0.317693,0.092864,0.215054
0.317693,0.087977,0.215054
0.317693,0.087977,0.215054
0.317693,0.092864,0.215054
0.317693,0.092864,0.215054
0.317693,0.087977,0.215054
0.317693,0.092864,0.215054
0.317693,0.092864,0.215054
0.317693,0.092864,0.215054
0.317693,0.092864,0.215054
0.317693,0.092864,0.215054
0.317693,0.092864,0.219941
0.317693,0.092864,0.215054
0.317693,0.092864,0.215054
0.312805,0.092864,0.215054
0.317693,0.092864,0.215054
0.317693,0.092864,0.215054
0.317693,0.092864,0.215054
0.317693,0.087977,0.215054
0.317693,0.092864,0.215054
0.317693,0.087977,0.219941
0.317693,0.092864,0.215054
0.317693,0.087977,0.210166
0.312805,0.092864,0.215054
0.312805,0.087977,0.219941
0.317693,0.092864,0.190616
0.317693,0.092864,0.215054
0.317693,0.087977,0.215054
0.317693,0.092864,0.215054
0.317693,0.087977,0.219941
0.312805,0.092864,0.205279
0.312805,0.092864,0.215054
0.312805,0.087977,0.195503
0.317693,0.087977,0.215054
0.317693,0.092864,0.215054
0.317693,0.092864,0.215054
0.312805,0.092864,0.219941
0.317693,0.092864,0.215054
0.312805,0.087977,0.215054
0.317693,0.087977,0.215054
0.312805,0.092864,0.215054
0.312805,0.092864,0.215054
0.312805,0.092864,0.215054
0.312805,0.092864,0.210166
0.317693,0.092864,0.219941
0.312805,0.092864,0.215054
0.312805,0.087977,0.210166
0.312805,0.092864,0.215054
0.312805,0.092864,0.215054
0.312805,0.087977,0.215054
0.312805,0.092864,0.215054
0.312805,0.087977,0.215054
0.312805,0.092864,0.215054
0.317693,0.087977,0.215054
0.312805,0.087977,0.219941
0.312805,0.092864,0.215054
0.312805,0.087977,0.215054
0.312805,0.092864,0.219941
0.312805,0.092864,0.215054
0.312805,0.087977,0.215054
0.312805,0.092864,0.215054
0.317693,0.092864,0.219941
0.312805,0.092864,0.215054
0.312805,0.092864,0.215054
0.317693,0.087977,0.215054
0.312805,0.092864,0.215054
0.312805,0.087977,0.215054
0.317693,0.092864,0.215054
0.312805,0.092864,0.215054
0.317693,0.087977,0.210166
0.312805,0.092864,0.215054
0.312805,0.087977,0.215054
0.312805,0.087977,0.215054
0.317693,0.087977,0.215054
0.312805,0.087977,0.239492
0.312805,0.092864,0.298143
0.312805,0.087977,0.293255
0.312805,0.092864,0.283480
0.317693,0.092864,0.215054
0.312805,0.092864,0.215054
0.312805,0.087977,0.210166
0.312805,0.087977,0.210166
0.312805,0.087977,0.224829
0.312805,0.087977,0.283480
0.312805,0.087977,0.283480
0.312805,0.087977,0.293255
0.312805,0.092864,0.288368
0.312805,0.092864,0.283480
0.312805,0.087977,0.180841
0.312805,0.087977,0.210166
0.312805,0.087977,0.215054
0.312805,0.087977,0.215054
0.312805,0.087977,0.210166
0.312805,0.087977,0.215054
0.312805,0.092864,0.215054
0.312805,0.092864,0.229717
0.312805,0.087977,0.215054
0.312805,0.087977,0.224829
0.312805,0.092864,0.215054
0.312805,0.087977,0.283480
0.312805,0.087977,0.288368
0.312805,0.087977,0.283480
0.312805,0.087977,0.283480
0.312805,0.087977,0.278592
0.312805,0.087977,0.278592
0.312805,0.087977,0.205279
0.312805,0.092864,0.210166
0.312805,0.087977,0.210166
0.307918,0.087977,0.215054
0.312805,0.092864,0.210166
0.312805,0.087977,0.283480
0.312805,0.087977,0.278592
0.307918,0.087977,0.283480
0.312805,0.087977,0.210166
0.312805,0.087977,0.215054
0.312805,0.087977,0.210166
0.312805,0.087977,0.215054
0.312805,0.087977,0.210166
0.312805,0.087977,0.215054
0.312805,0.087977,0.215054
0.312805,0.087977,0.215054
0.312805,0.087977,0.210166
0.312805,0.087977,0.229717
0.307918,0.087977,0.210166
0.312805,0.092864,0.210166
0.307918,0.092864,0.210166
0.307918,0.087977,0.210166
0.307918,0.087977,0.215054
0.312805,0.087977,0.215054
0.312805,0.087977,0.215054
0.307918,0.087977,0.273705
0.312805,0.087977,0.278592
0.307918,0.087977,0.263930
0.307918,0.092864,0.273705
0.312805,0.092864,0.273705
0.312805,0.087977,0.210166
0.317693,0.087977,0.219941
0.312805,0.087977,0.381232
0.312805,0.087977,0.386119
0.312805,0.087977,0.288368
0.312805,0.087977,0.351906
0.317693,0.087977,0.337243
0.312805,0.087977,0.298143
0.312805,0.087977,0.298143
0.317693,0.087977,0.303030
0.312805,0.087977,0.268817
0.312805,0.092864,0.298143
0.312805,0.087977,0.278592
0.312805,0.087977,0.278592
0.312805,0.087977,0.283480
0.312805,0.087977,0.278592
0.312805,0.087977,0.278592
0.312805,0.087977,0.283480
0.312805,0.087977,0.283480
0.312805,0.087977,0.283480
0.312805,0.087977,0.288368
0.312805,0.087977,0.288368
0.312805,0.087977,0.293255
0.312805,0.087977,0.283480
0.312805,0.087977,0.293255
0.312805,0.087977,0.283480
0.312805,0.087977,0.283480
0.312805,0.087977,0.283480
0.312805,0.087977,0.278592
0.312805,0.087977,0.273705
0.312805,0.087977,0.273705
0.312805,0.087977,0.263930
0.312805,0.087977,0.263930
0.312805,0.087977,0.268817
0.312805,0.087977,0.254154
0.312805,0.087977,0.263930
0.312805,0.087977,0.263930
0.312805,0.087977,0.268817
0.312805,0.087977,0.273705
0.312805,0.087977,0.263930
0.312805,0.087977,0.278592
0.312805,0.092864,0.298143
0.312805,0.087977,0.298143
0.312805,0.087977,0.298143
0.312805,0.972630,0.508309
0.532747,2.605083,1.153470
1.358749,3.123167,1.554252
2.003910,3.313783,1.759531
2.336266,3.396872,1.793744
2.517107,3.445748,1.808407
2.644184,3.479961,1.769306
2.732160,3.499511,1.715543
2.790811,3.509286,1.642229
2.844575,3.519062,1.583578
2.878788,3.528837,1.461388
2.903226,3.528837,1.456500
2.927664,3.528837,1.397849
2.947214,3.528837,1.348974
2.956989,3.519062,1.300098
2.971652,3.514174,1.270772
2.981427,3.499511,1.236559
2.981427,3.494624,1.177908
2.986315,3.489736,1.163245
2.991202,3.484848,1.129032
2.991202,3.475073,1.099707
2.991202,3.470186,1.075269
2.991202,3.465298,1.045943
2.986315,3.460411,1.021505
2.981427,3.450635,1.001955
2.981427,3.445748,0.972630
2.976540,3.440860,0.953079
2.971652,3.435973,0.928641
2.966764,3.426197,0.913978
2.961877,3.421310,0.889541
2.956989,3.411535,0.874878
2.952102,3.401760,0.845552
2.947214,3.396872,0.826002
2.937439,3.391984,0.826002
2.932551,3.382209,0.811339
2.922776,3.372434,0.796676
2.917889,3.367546,0.777126
2.913001,3.357771,0.767351
2.903226,3.347996,0.752688
2.898338,3.343109,0.738025
2.888563,3.333333,0.723363
2.883675,3.323558,0.728250
2.873900,3.313783,0.703812
2.869013,3.304008,0.694037
2.859238,3.299120,0.684262
2.849462,3.289345,0.674487
2.839687,3.274682,0.659824
2.834800,3.269795,0.650049
2.825024,3.260020,0.635386
2.820137,3.250244,0.625611
2.810362,3.240469,0.615836
2.800587,3.230694,0.606061
2.795699,3.220919,0.601173
2.785924,3.211144,0.591398
2.776149,3.201369,0.581623
2.766373,3.191593,0.576735
2.756598,3.176931,0.566960
2.746823,3.167155,0.552297
2.741935,3.157380,0.532747
2.732160,3.147605,0.542522
2.737048,3.137830,0.532747
2.727273,3.128055,0.522972
2.717498,3.118280,0.518084
2.712610,3.108504,0.513196
2.702835,3.093842,0.503421
2.693060,3.084066,0.498534
2.683284,3.074291,0.478983
2.673509,3.059629,0.488759
2.668622,3.054741,0.478983
2.653959,3.040078,0.474096
2.649071,3.030303,0.474096
2.639296,3.015640,0.464321
2.634409,3.005865,0.454545
2.619746,2.996090,0.449658
2.614858,2.986315,0.439883
2.605083,2.971652,0.444770
2.595308,2.961877,0.439883
2.585533,2.952102,0.434995
2.575758,2.937439,0.430108
2.565982,2.927664,0.420332
2.561095,2.917889,0.415445
2.546432,2.903226,0.415445
2.536657,2.893451,0.405670
2.531769,2.878788,0.405670
2.521994,2.869013,0.395894
2.512219,2.854350,0.395894
2.502444,2.844575,0.391007
2.492669,2.829912,0.376344
2.482893,2.815249,0.386119
2.473118,2.805474,0.381232
2.463343,2.790811,0.376344
2.453568,2.781036,0.371457
2.438905,2.766373,0.376344
2.434018,2.751711,0.371457
2.424242,2.737048,0.371457
2.409580,2.722385,0.356794
2.409580,2.712610,0.366569
2.390029,2.697947,0.351906
2.365591,2.683284,0.351906
2.355816,2.668622,0.356794
2.370479,2.658847,0.351906
2.336266,2.644184,0.351906
2.346041,2.629521,0.347019
2.336266,2.614858,0.342131
2.326491,2.595308,0.337243
2.316716,2.585533,0.332356
2.306940,2.570870,0.337243
2.297165,2.556207,0.332356
2.292278,2.546432,0.332356
2.282502,2.531769,0.327468
2.272727,2.512219,0.322581
2.258065,2.502444,0.327468
2.248289,2.482893,0.322581
2.233627,2.463343,0.317693
2.223851,2.448680,0.317693
2.209189,2.434018,0.312805
2.199413,2.419355,0.307918
2.184751,2.404692,0.312805
2.165200,2.390029,0.312805
2.160313,2.370479,0.307918
2.150538,2.355816,0.312805
2.135875,2.341153,0.307918
2.126100,2.326491,0.303030
2.111437,2.306940,0.303030
2.101662,2.292278,0.307918
2.086999,2.272727,0.303030
2.077224,2.258065,0.303030
2.067449,2.243402,0.303030
2.052786,2.223851,0.298143
2.043011,2.209189,0.298143
2.028348,2.189638,0.283480
2.018573,2.174976,0.298143
2.008798,2.160313,0.288368
1.999022,2.140762,0.293255
1.989247,2.126100,0.303030
1.974585,2.106549,0.298143
1.964809,2.086999,0.283480
1.955034,2.072336,0.293255
1.940371,2.052786,0.293255
1.935484,2.038123,0.293255
1.925709,2.023460,0.293255
1.911046,2.003910,0.288368
1.901271,1.989247,0.288368
1.891496,1.974585,0.283480
1.881720,1.955034,0.293255
1.876833,1.940371,0.288368
1.867058,1.925709,0.288368
1.857283,1.906158,0.288368
1.842620,1.886608,0.288368
1.832845,1.876833,0.283480
1.827957,1.857283,0.283480
1.818182,1.842620,0.283480
1.803519,1.827957,0.278592
1.793744,1.808407,0.278592
1.788856,1.793744,0.278592
1.779081,1.783969,0.278592
1.769306,1.764418,0.278592
1.759531,1.749756,0.278592
1.749756,1.735093,0.278592
1.739980,1.715543,0.278592
1.735093,1.700880,0.278592
1.725318,1.686217,0.273705
1.715543,1.671554,0.273705
1.705767,1.656891,0.268817
1.695992,1.642229,0.273705
1.691105,1.627566,0.278592
1.681329,1.612903,0.263930
1.671554,1.598240,0.273705
1.661779,1.583578,0.273705
1.656891,1.573803,0.273705
1.647116,1.559140,0.273705
1.637341,1.539589,0.268817
1.627566,1.529814,0.268817
1.622678,1.515152,0.268817
1.612903,1.500489,0.268817
1.603128,1.485826,0.268817
1.598240,1.476051,0.268817
1.588465,1.456500,0.263930
1.578690,1.446725,0.263930
1.568915,1.436950,0.268817
1.564027,1.422287,0.268817
1.554252,1.407625,0.263930
1.544477,1.397849,0.268817
1.534702,1.383187,0.268817
1.529814,1.368524,0.259042
1.520039,1.358749,0.268817
1.510264,1.344086,0.268817
1.505376,1.334311,0.263930
1.495601,1.324536,0.263930
1.490714,1.309873,0.259042
1.480938,1.300098,0.254154
1.476051,1.285435,0.254154
1.466276,1.275660,0.259042
1.456500,1.265885,0.259042
1.451613,1.251222,0.254154
1.441838,1.241447,0.254154
1.432063,1.231672,0.259042
1.427175,1.221896,0.259042
1.417400,1.212121,0.259042
1.412512,1.202346,0.259042
1.402737,1.187683,0.249267
1.392962,1.177908,0.254154
1.388074,1.168133,0.259042
1.378299,1.158358,0.254154
1.373412,1.148583,0.254154
1.368524,1.138807,0.259042
1.358749,1.129032,0.254154
1.353861,1.119257,0.254154
1.344086,1.109482,0.254154
1.339198,1.099707,0.244379
1.329423,1.094819,0.254154
1.329423,1.085044,0.249267
1.319648,1.080156,0.244379
1.314761,1.070381,0.249267
1.309873,1.060606,0.249267
1.300098,1.055718,0.254154
1.295210,1.045943,0.254154
1.285435,1.041056,0.254154
1.280547,1.026393,0.259042
1.275660,1.021505,0.259042
1.270772,1.016618,0.259042
1.265885,1.006843,0.259042
1.256109,1.001955,0.259042
1.251222,0.992180,0.259042
1.246334,0.982405,0.259042
1.236559,0.977517,0.259042
1.236559,0.972630,0.254154
1.231672,0.962854,0.268817
1.221896,0.957967,0.263930
1.217009,0.948192,0.268817
1.212121,0.943304,0.263930
1.207234,0.938416,0.268817
1.202346,0.928641,0.263930
1.197458,0.923754,0.268817
1.187683,0.918866,0.263930
1.187683,0.913978,0.259042
1.182796,0.904203,0.254154
1.177908,0.899316,0.254154
1.173021,0.894428,0.254154
1.168133,0.889541,0.254154
1.163245,0.884653,0.254154
1.158358,0.879765,0.254154
1.153470,0.869990,0.254154
1.148583,0.865103,0.259042
1.143695,0.860215,0.259042
1.138807,0.855327,0.259042
1.133920,0.850440,0.259042
1.129032,0.845552,0.254154
1.119257,0.840665,0.254154
1.114370,0.835777,0.259042
1.114370,0.830890,0.263930
1.109482,0.826002,0.259042
1.104594,0.816227,0.263930
1.099707,0.816227,0.263930
1.094819,0.811339,0.263930
1.094819,0.806452,0.263930
1.089932,0.801564,0.263930
1.085044,0.796676,0.268817
1.080156,0.791789,0.263930
1.075269,0.786901,0.263930
1.070381,0.782014,0.268817
1.070381,0.777126,0.259042
1.065494,0.772239,0.263930
1.060606,0.767351,0.254154
1.055718,0.762463,0.254154
1.050831,0.762463,0.254154
1.045943,0.757576,0.234604
1.041056,0.752688,0.254154
1.041056,0.747801,0.259042
1.036168,0.742913,0.259042
1.036168,0.738025,0.259042
1.026393,0.733138,0.254154
1.026393,0.728250,0.254154
1.021505,0.728250,0.249267
1.016618,0.723363,0.249267
1.016618,0.718475,0.249267
1.011730,0.713587,0.244379
1.006843,0.713587,0.259042
1.001955,0.708700,0.259042
1.001955,0.703812,0.259042
0.997067,0.698925,0.254154
0.997067,0.698925,0.254154
0.992180,0.694037,0.254154
0.987292,0.689150,0.249267
0.982405,0.684262,0.254154
0.982405,0.679374,0.259042
0.977517,0.674487,0.249267
0.972630,0.674487,0.263930
0.972630,0.669599,0.434995
0.967742,0.664712,0.351906
0.962854,0.664712,0.415445
0.962854,0.659824,0.444770
0.957967,0.659824,0.508309
0.957967,0.654936,0.527859
0.948192,0.650049,0.425220
0.948192,0.645161,0.376344
0.943304,0.640274,0.249267
0.938416,0.640274,0.268817
0.938416,0.635386,0.249267
0.933529,0.630499,0.259042
0.928641,0.625611,0.254154
0.928641,0.625611,0.268817
0.923754,0.620723,0.254154
0.918866,0.620723,0.254154
0.923754,0.615836,0.249267
0.913978,0.610948,0.244379
0.913978,0.610948,0.239492
0.909091,0.606061,0.249267
0.909091,0.606061,0.234604
0.904203,0.601173,0.234604
0.904203,0.596285,0.254154
0.899316,0.591398,0.254154
0.894428,0.586510,0.239492
0.894428,0.586510,0.244379
0.889541,0.581623,0.239492
0.889541,0.581623,0.239492
0.884653,0.581623,0.234604
0.884653,0.581623,0.215054
0.879765,0.571848,0.239492
0.879765,0.571848,0.244379
0.874878,0.566960,0.239492
0.869990,0.566960,0.239492
0.869990,0.562072,0.229717
0.869990,0.562072,0.234604
0.865103,0.557185,0.229717
0.865103,0.557185,0.239492
0.860215,0.552297,0.249267
0.860215,0.552297,0.249267
0.860215,0.552297,0.239492
0.850440,0.547410,0.244379
0.850440,0.542522,0.239492
0.850440,0.542522,0.244379
0.845552,0.542522,0.249267
0.845552,0.537634,0.234604
0.840665,0.532747,0.234604
0.840665,0.532747,0.244379
0.835777,0.527859,0.249267
0.835777,0.527859,0.239492
0.830890,0.522972,0.239492
0.830890,0.522972,0.244379
0.830890,0.522972,0.239492
0.826002,0.522972,0.249267
0.826002,0.518084,0.234604
0.821114,0.513196,0.249267
0.821114,0.513196,0.249267
0.816227,0.513196,0.249267
0.816227,0.508309,0.249267
0.816227,0.503421,0.244379
0.811339,0.503421,0.239492
0.811339,0.503421,0.229717
0.806452,0.498534,0.215054
0.806452,0.498534,0.249267
0.801564,0.493646,0.229717
0.801564,0.493646,0.229717
0.801564,0.488759,0.205279
0.796676,0.493646,0.229717
0.791789,0.488759,0.224829
0.791789,0.483871,0.229717
0.791789,0.483871,0.224829
0.786901,0.478983,0.229717
0.786901,0.474096,0.224829
0.782014,0.464321,0.234604
0.782014,0.459433,0.229717
0.782014,0.464321,0.234604
0.777126,0.454545,0.224829
0.777126,0.454545,0.229717
0.772239,0.444770,0.229717
0.772239,0.444770,0.244379
0.767351,0.439883,0.229717
0.767351,0.439883,0.234604
0.762463,0.434995,0.234604
0.762463,0.434995,0.229717
0.757576,0.430108,0.234604
0.757576,0.425220,0.234604
0.757576,0.425220,0.234604
0.757576,0.425220,0.244379
0.752688,0.420332,0.234604
0.747801,0.420332,0.210166
0.747801,0.420332,0.229717
0.747801,0.415445,0.229717
0.742913,0.415445,0.244379
0.742913,0.410557,0.239492
0.738025,0.410557,0.254154
0.738025,0.405670,0.229717
0.733138,0.405670,0.190616
0.733138,0.400782,0.190616
0.733138,0.400782,0.190616
0.728250,0.395894,0.185728
0.728250,0.395894,0.180841
0.728250,0.395894,0.185728
0.723363,0.391007,0.215054
0.723363,0.395894,0.205279
0.718475,0.391007,0.254154
0.718475,0.391007,0.254154
0.718475,0.391007,0.254154
0.713587,0.386119,0.259042
0.713587,0.386119,0.254154
0.708700,0.381232,0.254154
0.708700,0.381232,0.249267
0.708700,0.381232,0.249267
0.708700,0.381232,0.249267
0.703812,0.376344,0.244379
0.703812,0.376344,0.234604
0.698925,0.376344,0.234604
0.698925,0.371457,0.234604
0.698925,0.371457,0.234604
0.694037,0.366569,0.229717
0.694037,0.371457,0.229717
0.694037,0.366569,0.249267
0.689150,0.366569,0.249267
0.689150,0.361681,0.239492
0.689150,0.366569,0.234604
0.684262,0.366569,0.229717
0.684262,0.361681,0.229717
0.679374,0.361681,0.180841
0.684262,0.356794,0.185728
0.679374,0.356794,0.190616
0.679374,0.356794,0.195503
0.679374,0.351906,0.234604
0.674487,0.351906,0.229717
0.674487,0.351906,0.180841
0.674487,0.351906,0.229717
0.669599,0.351906,0.195503
0.669599,0.347019,0.190616
0.669599,0.347019,0.175953
0.664712,0.347019,0.185728
0.664712,0.342131,0.210166
0.659824,0.342131,0.190616
0.659824,0.342131,0.185728
0.659824,0.342131,0.185728
0.654936,0.337243,0.215054
0.654936,0.332356,0.180841
0.654936,0.337243,0.239492
0.654936,0.332356,0.249267
0.650049,0.332356,0.239492
0.650049,0.332356,0.210166
0.650049,0.332356,0.190616
0.650049,0.327468,0.190616
0.645161,0.327468,0.229717
0.645161,0.327468,0.185728
0.645161,0.327468,0.234604
0.640274,0.327468,0.229717
0.640274,0.322581,0.205279
0.640274,0.322581,0.234604
0.635386,0.322581,0.190616
0.635386,0.322581,0.229717
0.635386,0.322581,0.185728
0.635386,0.317693,0.234604
0.630499,0.317693,0.234604
0.630499,0.317693,0.234604
0.630499,0.317693,0.200391
0.630499,0.312805,0.234604
0.625611,0.312805,0.234604
0.625611,0.312805,0.229717
0.625611,0.312805,0.234604
0.625611,0.312805,0.224829
0.625611,0.312805,0.234604
0.620723,0.307918,0.239492
0.620723,0.307918,0.185728
0.620723,0.307918,0.195503
0.620723,0.307918,0.234604
0.615836,0.303030,0.229717
0.615836,0.303030,0.244379
0.615836,0.307918,0.229717
0.615836,0.303030,0.239492
0.610948,0.303030,0.234604
0.610948,0.303030,0.234604
0.610948,0.303030,0.239492
0.606061,0.298143,0.234604
0.606061,0.298143,0.239492
0.606061,0.298143,0.224829
0.606061,0.298143,0.229717
0.606061,0.298143,0.263930
0.606061,0.298143,0.273705
0.601173,0.293255,0.263930
0.606061,0.293255,0.254154
0.601173,0.293255,0.254154
0.601173,0.293255,0.268817
0.596285,0.293255,0.307918
0.596285,0.288368,0.307918
0.596285,0.288368,0.395894
0.596285,0.288368,0.307918
0.596285,0.288368,0.278592
0.596285,0.288368,0.268817
0.591398,0.283480,0.254154
0.591398,0.283480,0.254154
0.591398,0.283480,0.259042
0.586510,0.283480,0.254154
0.586510,0.283480,0.263930
0.586510,0.283480,0.259042
0.586510,0.283480,0.263930
0.586510,0.278592,0.254154
0.586510,0.278592,0.259042
0.586510,0.278592,0.259042
0.581623,0.278592,0.263930
0.581623,0.278592,0.259042
0.581623,0.278592,0.259042
0.581623,0.273705,0.254154
0.576735,0.278592,0.259042
0.576735,0.273705,0.254154
0.576735,0.273705,0.254154
0.576735,0.273705,0.259042
0.571848,0.273705,0.263930
0.571848,0.273705,0.263930
0.571848,0.273705,0.254154
0.571848,0.268817,0.210166
0.571848,0.268817,0.210166
0.571848,0.268817,0.254154
0.571848,0.268817,0.259042
0.566960,0.263930,0.254154
0.571848,0.268817,0.259042
0.571848,0.268817,0.254154
0.566960,0.263930,0.254154
0.566960,0.263930,0.249267
0.566960,0.268817,0.254154
0.562072,0.263930,0.254154
0.562072,0.263930,0.200391
0.562072,0.263930,0.356794
0.562072,0.259042,0.322581
0.557185,0.259042,0.307918
0.562072,0.259042,0.303030
0.557185,0.259042,0.298143
0.557185,0.259042,0.293255
0.557185,0.259042,0.293255
0.557185,0.259042,0.293255
0.552297,0.259042,0.293255
0.552297,0.259042,0.293255
0.552297,0.254154,0.288368
0.552297,0.254154,0.288368
0.552297,0.254154,0.288368
0.547410,0.254154,0.288368
0.547410,0.254154,0.288368
0.547410,0.249267,0.283480
0.547410,0.254154,0.288368
0.542522,0.254154,0.283480
0.542522,0.249267,0.288368
0.547410,0.249267,0.288368
0.542522,0.249267,0.283480
0.542522,0.249267,0.283480
0.542522,0.249267,0.283480
0.542522,0.249267,0.278592
0.537634,0.244379,0.283480
0.537634,0.244379,0.283480
0.537634,0.244379,0.283480
0.537634,0.244379,0.283480
0.537634,0.244379,0.283480
0.537634,0.239492,0.283480
0.532747,0.239492,0.278592
0.532747,0.239492,0.283480
0.537634,0.239492,0.283480
0.532747,0.239492,0.283480
0.527859,0.239492,0.283480
0.527859,0.239492,0.278592
0.527859,0.239492,0.278592
0.527859,0.234604,0.278592
0.527859,0.239492,0.278592
0.527859,0.234604,0.278592
0.527859,0.234604,0.283480
0.522972,0.234604,0.278592
0.527859,0.234604,0.239492
0.522972,0.229717,0.273705
0.522972,0.229717,0.278592
0.522972,0.224829,0.278592
0.522972,0.229717,0.273705
0.522972,0.229717,0.278592
0.518084,0.229717,0.273705
0.518084,0.229717,0.278592
0.518084,0.229717,0.273705
0.518084,0.229717,0.273705
0.518084,0.229717,0.273705
0.513196,0.224829,0.273705
0.513196,0.224829,0.273705
0.513196,0.224829,0.273705
0.513196,0.224829,0.273705
0.513196,0.224829,0.273705
0.508309,0.224829,0.273705
0.513196,0.224829,0.268817
0.508309,0.224829,0.273705
0.508309,0.219941,0.273705
0.508309,0.219941,0.268817
0.508309,0.219941,0.273705
0.508309,0.219941,0.268817
0.508309,0.219941,0.234604
0.508309,0.219941,0.273705
0.503421,0.219941,0.278592
0.503421,0.219941,0.268817
0.503421,0.219941,0.273705
0.508309,0.219941,0.273705
0.503421,0.219941,0.268817
0.503421,0.219941,0.273705
0.503421,0.219941,0.273705
0.503421,0.215054,0.283480
0.498534,0.215054,0.283480
0.498534,0.215054,0.278592
0.498534,0.215054,0.278592
0.498534,0.210166,0.273705
0.493646,0.215054,0.273705
0.498534,0.210166,0.234604
0.493646,0.210166,0.273705
0.493646,0.210166,0.273705
0.493646,0.210166,0.268817
0.493646,0.210166,0.273705
0.493646,0.210166,0.273705
0.493646,0.210166,0.273705
0.493646,0.205279,0.273705
0.488759,0.210166,0.332356
0.488759,0.205279,0.298143
0.488759,0.205279,0.298143
0.488759,0.210166,0.273705
0.488759,0.205279,0.268817
0.483871,0.200391,0.278592
0.488759,0.205279,0.278592
0.483871,0.205279,0.273705
0.483871,0.200391,0.273705
0.483871,0.200391,0.278592
0.483871,0.200391,0.268817
0.478983,0.200391,0.273705
0.483871,0.200391,0.249267
0.474096,0.200391,0.254154
0.478983,0.200391,0.263930
0.478983,0.195503,0.259042
0.478983,0.200391,0.268817
0.474096,0.195503,0.278592
0.478983,0.200391,0.273705
0.474096,0.195503,0.278592
0.474096,0.195503,0.273705
0.474096,0.195503,0.273705
0.474096,0.195503,0.273705
0.474096,0.190616,0.263930
0.474096,0.195503,0.273705
0.474096,0.195503,0.273705
0.469208,0.195503,0.263930
0.469208,0.190616,0.273705
0.469208,0.190616,0.263930
0.469208,0.190616,0.263930
0.469208,0.190616,0.263930
0.469208,0.190616,0.273705
0.469208,0.190616,0.263930
0.464321,0.190616,0.263930
0.469208,0.190616,0.273705
0.464321,0.190616,0.263930
0.464321,0.190616,0.268817
0.464321,0.190616,0.268817
0.464321,0.190616,0.268817
0.459433,0.185728,0.268817
0.464321,0.185728,0.268817
0.464321,0.190616,0.268817
0.464321,0.185728,0.263930
0.459433,0.185728,0.268817
0.459433,0.185728,0.263930
0.459433,0.185728,0.263930
0.464321,0.185728,0.263930
0.459433,0.185728,0.263930
0.459433,0.185728,0.263930
0.459433,0.185728,0.263930
0.459433,0.185728,0.263930
0.459433,0.185728,0.263930
0.459433,0.185728,0.263930
0.454545,0.180841,0.263930
0.454545,0.180841,0.263930
0.454545,0.180841,0.263930
0.454545,0.180841,0.268817
0.454545,0.180841,0.268817
0.454545,0.180841,0.268817
0.454545,0.180841,0.268817
0.454545,0.180841,0.263930
0.449658,0.180841,0.268817
0.449658,0.175953,0.268817
0.449658,0.175953,0.268817
0.449658,0.175953,0.263930
0.449658,0.175953,0.268817
0.449658,0.180841,0.263930
0.449658,0.175953,0.263930
0.444770,0.175953,0.263930
0.449658,0.175953,0.263930
0.444770,0.171065,0.263930
0.444770,0.175953,0.263930
0.444770,0.175953,0.263930
0.444770,0.171065,0.263930
0.444770,0.171065,0.259042
0.444770,0.175953,0.259042
0.444770,0.171065,0.259042
0.444770,0.171065,0.263930
0.439883,0.175953,0.263930
0.439883,0.171065,0.263930
0.439883,0.171065,0.263930
0.439883,0.171065,0.263930
0.439883,0.171065,0.263930
0.439883,0.171065,0.263930
0.439883,0.171065,0.259042
1.153470,0.860215,0.811339
1.984360,1.759531,1.133920
2.390029,2.067449,1.221896
2.575758,2.194526,1.212121
2.668622,2.258065,1.163245
2.712610,2.287390,1.099707
2.732160,2.297165,1.031281
2.737048,2.297165,0.967742
2.732160,2.277615,0.899316
2.712610,2.282502,0.840665
2.693060,2.253177,0.791789
2.673509,2.223851,0.747801
2.649071,2.184751,0.713587
2.614858,2.145650,0.674487
2.585533,2.106549,0.645161
2.556207,2.072336,0.620723
2.526882,2.033236,0.591398
2.492669,1.989247,0.566960
2.453568,1.945259,0.542522
2.424242,1.901271,0.522972
2.390029,1.857283,0.508309
2.350929,1.813294,0.493646
2.321603,1.774194,0.474096
2.282502,1.720430,0.464321
2.258065,1.681329,0.449658
2.218964,1.637341,0.439883
2.194526,1.598240,0.425220
2.165200,1.564027,0.420332
2.135875,1.524927,0.410557
2.106549,1.490714,0.405670
2.077224,1.451613,0.391007
2.052786,1.417400,0.386119
2.023460,1.383187,0.381232
1.999022,1.348974,0.376344
1.969697,1.319648,0.366569
1.945259,1.285435,0.366569
1.915934,1.251222,0.356794
1.891496,1.226784,0.356794
1.867058,1.197458,0.351906
1.842620,1.168133,0.347019
1.818182,1.138807,0.342131
1.793744,1.109482,0.337243
1.769306,1.085044,0.332356
1.749756,1.060606,0.332356
1.730205,1.036168,0.327468
1.705767,1.011730,0.322581
1.686217,0.987292,0.317693
1.666667,0.962854,0.317693
1.647116,0.943304,0.317693
1.627566,0.923754,0.312805
1.612903,0.899316,0.307918
1.593353,0.879765,0.307918
1.573803,0.860215,0.307918
1.554252,0.840665,0.303030
1.539589,0.826002,0.303030
1.524927,0.811339,0.303030
1.505376,0.791789,0.298143
1.490714,0.777126,0.298143
1.476051,0.762463,0.298143
1.456500,0.747801,0.293255
1.441838,0.733138,0.293255
1.422287,0.713587,0.293255
1.407625,0.703812,0.288368
1.392962,0.684262,0.288368
1.378299,0.679374,0.288368
1.363636,0.664712,0.283480
1.348974,0.654936,0.283480
1.334311,0.640274,0.283480
1.324536,0.630499,0.288368
1.304985,0.615836,0.283480
1.295210,0.606061,0.283480
1.280547,0.596285,0.278592
1.270772,0.586510,0.278592
1.256109,0.576735,0.278592
1.241447,0.566960,0.278592
1.231672,0.557185,0.278592
1.221896,0.547410,0.273705
1.207234,0.542522,0.273705
1.192571,0.532747,0.273705
1.182796,0.527859,0.273705
1.173021,0.518084,0.268817
1.163245,0.508309,0.273705
1.148583,0.503421,0.273705
1.138807,0.493646,0.273705
1.129032,0.483871,0.273705
1.119257,0.478983,0.268817
1.109482,0.474096,0.273705
1.094819,0.469208,0.268817
1.089932,0.459433,0.268817
1.075269,0.459433,0.273705
1.065494,0.449658,0.268817
1.060606,0.444770,0.268817
1.050831,0.439883,0.268817
1.041056,0.434995,0.273705
1.036168,0.430108,0.268817
1.026393,0.420332,0.268817
1.016618,0.420332,0.268817
1.006843,0.410557,0.268817
1.001955,0.405670,0.268817
0.992180,0.400782,0.268817
0.982405,0.400782,0.268817
0.977517,0.391007,0.268817
0.972630,0.391007,0.268817
0.962854,0.386119,0.268817
0.953079,0.386119,0.263930
0.948192,0.376344,0.263930
0.943304,0.371457,0.268817
0.933529,0.371457,0.268817
0.928641,0.366569,0.268817
0.923754,0.361681,0.263930
0.913978,0.356794,0.263930
0.909091,0.356794,0.263930
0.904203,0.351906,0.263930
0.894428,0.347019,0.263930
0.894428,0.342131,0.263930
0.889541,0.342131,0.263930
0.879765,0.337243,0.259042
0.874878,0.337243,0.263930
0.869990,0.332356,0.263930
0.860215,0.327468,0.263930
0.860215,0.327468,0.259042
0.850440,0.322581,0.263930
0.845552,0.317693,0.263930
0.845552,0.317693,0.263930
0.840665,0.312805,0.259042
0.826002,0.312805,0.263930
0.826002,0.312805,0.259042
0.826002,0.307918,0.259042
0.821114,0.298143,0.263930
0.811339,0.307918,0.259042
0.806452,0.298143,0.259042
0.801564,0.298143,0.259042
0.801564,0.293255,0.259042
0.796676,0.293255,0.263930
0.791789,0.293255,0.259042
0.786901,0.288368,0.268817
0.782014,0.288368,0.268817
0.782014,0.283480,0.268817
0.777126,0.283480,0.263930
0.772239,0.283480,0.259042
0.767351,0.283480,0.268817
0.762463,0.278592,0.263930
0.767351,0.273705,0.263930
0.757576,0.273705,0.263930
0.752688,0.268817,0.263930
0.747801,0.273705,0.263930
0.747801,0.268817,0.263930
0.742913,0.268817,0.263930
0.738025,0.263930,0.263930
0.738025,0.263930,0.263930
0.733138,0.259042,0.263930
0.728250,0.263930,0.263930
0.728250,0.259042,0.263930
0.723363,0.254154,0.263930
0.723363,0.254154,0.263930
0.718475,0.254154,0.263930
0.713587,0.254154,0.263930
0.708700,0.249267,0.263930
0.708700,0.249267,0.263930
0.708700,0.244379,0.263930
0.703812,0.249267,0.259042
0.698925,0.244379,0.263930
0.694037,0.244379,0.263930
0.694037,0.239492,0.259042
0.689150,0.239492,0.263930
0.689150,0.239492,0.259042
0.684262,0.239492,0.263930
0.684262,0.234604,0.259042
0.679374,0.234604,0.259042
0.674487,0.234604,0.263930
0.674487,0.234604,0.263930
0.669599,0.229717,0.259042
0.669599,0.229717,0.263930
0.664712,0.229717,0.263930
0.664712,0.229717,0.259042
0.659824,0.229717,0.259042
0.659824,0.224829,0.259042
0.659824,0.224829,0.254154
0.654936,0.224829,0.259042
0.650049,0.224829,0.259042
0.650049,0.219941,0.259042
0.650049,0.224829,0.259042
0.645161,0.219941,0.259042
0.645161,0.215054,0.259042
0.640274,0.215054,0.259042
0.635386,0.215054,0.244379
0.635386,0.215054,0.259042
0.635386,0.215054,0.259042
0.630499,0.215054,0.259042
0.625611,0.215054,0.249267
0.625611,0.210166,0.249267
0.625611,0.210166,0.254154
0.625611,0.210166,0.254154
0.620723,0.210166,0.249267
0.620723,0.210166,0.234604
0.615836,0.210166,0.234604
0.615836,0.205279,0.234604
0.615836,0.205279,0.234604
0.610948,0.205279,0.229717
0.610948,0.205279,0.229717
0.606061,0.210166,0.229717
0.606061,0.200391,0.229717
0.601173,0.200391,0.229717
0.601173,0.200391,0.229717
0.601173,0.200391,0.229717
0.596285,0.195503,0.229717
0.596285,0.195503,0.229717
0.591398,0.195503,0.229717
0.591398,0.195503,0.224829
0.591398,0.195503,0.224829
0.591398,0.195503,0.224829
0.586510,0.190616,0.224829
0.586510,0.195503,0.224829
0.586510,0.190616,0.224829
0.581623,0.195503,0.224829
0.581623,0.190616,0.224829
0.581623,0.190616,0.219941
0.576735,0.190616,0.224829
0.576735,0.190616,0.224829
0.576735,0.190616,0.224829
0.571848,0.190616,0.219941
0.571848,0.190616,0.224829
0.571848,0.185728,0.224829
0.566960,0.185728,0.224829
0.566960,0.185728,0.224829
0.566960,0.185728,0.219941
0.562072,0.185728,0.224829
0.566960,0.185728,0.224829
0.562072,0.185728,0.219941
0.562072,0.180841,0.219941
0.557185,0.185728,0.224829
0.557185,0.180841,0.219941
0.557185,0.180841,0.215054
0.552297,0.180841,0.219941
0.552297,0.180841,0.224829
0.547410,0.180841,0.219941
0.552297,0.180841,0.219941
0.552297,0.175953,0.219941
0.547410,0.175953,0.219941
0.547410,0.175953,0.219941
0.547410,0.180841,0.224829
0.542522,0.175953,0.219941
0.542522,0.175953,0.219941
0.542522,0.175953,0.219941
0.542522,0.175953,0.224829
0.537634,0.175953,0.224829
0.537634,0.175953,0.224829
0.537634,0.171065,0.224829
0.537634,0.171065,0.224829
0.532747,0.171065,0.219941
0.532747,0.166178,0.224829
0.527859,0.171065,0.224829
0.532747,0.171065,0.224829
0.527859,0.171065,0.229717
0.527859,0.166178,0.229717
0.527859,0.166178,0.239492
0.527859,0.166178,0.239492
0.522972,0.166178,0.239492
0.522972,0.166178,0.239492
0.527859,0.166178,0.239492
0.522972,0.166178,0.239492
0.518084,0.166178,0.239492
0.518084,0.161290,0.244379
0.518084,0.166178,0.239492
0.518084,0.166178,0.244379
0.513196,0.161290,0.244379
0.513196,0.166178,0.244379
0.513196,0.166178,0.244379
0.513196,0.161290,0.259042
0.513196,0.161290,0.259042
0.513196,0.161290,0.259042
0.508309,0.161290,0.259042
0.508309,0.161290,0.254154
0.508309,0.161290,0.254154
0.503421,0.161290,0.254154
0.508309,0.161290,0.254154
0.508309,0.161290,0.263930
0.503421,0.156403,0.259042
0.503421,0.156403,0.259042
0.503421,0.161290,0.254154
0.503421,0.161290,0.254154
0.498534,0.156403,0.259042
0.498534,0.161290,0.254154
0.498534,0.161290,0.259042
0.498534,0.156403,0.254154
0.493646,0.156403,0.254154
0.493646,0.161290,0.259042
0.493646,0.156403,0.239492
0.493646,0.161290,0.254154
0.493646,0.156403,0.254154
0.493646,0.161290,0.259042
0.488759,0.161290,0.254154
0.488759,0.156403,0.254154
0.488759,0.156403,0.254154
0.488759,0.156403,0.259042
0.488759,0.156403,0.254154
0.488759,0.156403,0.254154
0.488759,0.161290,0.254154
0.488759,0.156403,0.254154
0.483871,0.156403,0.254154
0.488759,0.156403,0.254154
0.483871,0.156403,0.254154
0.483871,0.156403,0.254154
0.483871,0.156403,0.254154
0.483871,0.156403,0.254154
0.478983,0.156403,0.259042
0.478983,0.151515,0.254154
0.483871,0.156403,0.254154
0.478983,0.151515,0.259042
0.474096,0.156403,0.254154
0.478983,0.151515,0.254154
0.483871,0.151515,0.254154
0.478983,0.151515,0.259042
0.474096,0.151515,0.254154
0.474096,0.151515,0.254154
0.474096,0.151515,0.254154
0.474096,0.151515,0.254154
0.474096,0.151515,0.254154
0.474096,0.151515,0.254154
0.469208,0.151515,0.254154
0.474096,0.151515,0.254154
0.474096,0.151515,0.254154
0.469208,0.151515,0.254154
0.469208,0.146628,0.303030
0.469208,0.146628,0.303030
0.469208,0.146628,0.263930
0.464321,0.146628,0.283480
0.464321,0.146628,0.283480
0.464321,0.146628,0.298143
0.464321,0.141740,0.298143
0.464321,0.146628,0.254154
0.464321,0.146628,0.293255
0.459433,0.141740,0.293255
0.459433,0.146628,0.283480
0.459433,0.146628,0.278592
0.459433,0.141740,0.278592
0.459433,0.141740,0.278592
0.459433,0.141740,0.278592
0.454545,0.141740,0.278592
0.454545,0.141740,0.278592
0.454545,0.141740,0.273705
0.454545,0.141740,0.273705
0.454545,0.141740,0.278592
0.454545,0.141740,0.278592
0.454545,0.141740,0.278592
0.454545,0.141740,0.278592
0.454545,0.141740,0.273705
0.449658,0.141740,0.278592
0.449658,0.141740,0.278592
0.449658,0.141740,0.273705
0.449658,0.141740,0.273705
0.449658,0.141740,0.273705
0.449658,0.141740,0.278592
0.449658,0.136852,0.273705
0.444770,0.141740,0.278592
0.444770,0.141740,0.273705
0.444770,0.141740,0.273705
0.444770,0.141740,0.278592
0.444770,0.141740,0.278592
0.444770,0.136852,0.273705
0.444770,0.141740,0.273705
0.444770,0.141740,0.273705
0.444770,0.141740,0.273705
0.444770,0.141740,0.273705
0.444770,0.141740,0.273705
0.439883,0.141740,0.278592
0.439883,0.141740,0.278592
0.444770,0.141740,0.278592
0.439883,0.141740,0.273705
0.439883,0.141740,0.278592
0.439883,0.141740,0.283480
0.439883,0.141740,0.278592
0.439883,0.141740,0.259042
0.439883,0.141740,0.273705
0.439883,0.141740,0.249267
0.439883,0.141740,0.249267
0.439883,0.141740,0.244379
0.439883,0.141740,0.259042
0.439883,0.141740,0.259042
0.439883,0.141740,0.259042
0.434995,0.141740,0.259042
0.439883,0.146628,0.293255
1.129032,3.010753,1.681329
2.316716,3.396872,2.091887
2.693060,3.479961,2.082111
2.859238,3.504399,1.955034
2.947214,3.504399,1.813294
2.996090,3.499511,1.666667
3.025415,3.479961,1.544477
3.040078,3.465298,1.427175
3.044966,3.440860,1.339198
3.044966,3.421310,1.256109
3.040078,3.396872,1.192571
3.030303,3.377322,1.143695
3.020528,3.357771,1.085044
3.010753,3.333333,1.041056
2.996090,3.313783,0.992180
2.981427,3.284457,0.953079
2.961877,3.264907,0.909091
2.947214,3.240469,0.874878
2.927664,3.216031,0.835777
2.913001,3.191593,0.806452
2.878788,3.167155,0.767351
2.859238,3.142717,0.742913
2.839687,3.118280,0.708700
2.839687,3.088954,0.679374
2.820137,3.059629,0.650049
2.795699,3.035191,0.635386
2.771261,3.005865,0.610948
2.751711,2.976540,0.591398
2.732160,2.947214,0.566960
2.707722,2.922776,0.552297
2.693060,2.893451,0.537634
2.668622,2.859238,0.522972
2.649071,2.829912,0.503421
2.629521,2.800587,0.493646
2.605083,2.771261,0.478983
2.585533,2.737048,0.469208
2.565982,2.707722,0.459433
2.541544,2.673509,0.444770
2.517107,2.639296,0.434995
2.492669,2.605083,0.430108
2.473118,2.570870,0.415445
2.443793,2.536657,0.410557
2.424242,2.497556,0.405670
2.399804,2.463343,0.395894
2.375367,2.429130,0.391007
2.350929,2.390029,0.381232
2.341153,2.350929,0.381232
2.316716,2.311828,0.371457
2.287390,2.272727,0.366569
2.258065,2.238514,0.366569
2.233627,2.194526,0.356794
2.204301,2.160313,0.351906
2.174976,2.121212,0.347019
2.150538,2.082111,0.342131
2.130987,2.043011,0.342131
2.101662,2.003910,0.337243
2.072336,1.964809,0.337243
2.052786,1.930596,0.327468
2.028348,1.891496,0.327468
2.003910,1.852395,0.322581
1.979472,1.818182,0.322581
1.955034,1.783969,0.322581
1.935484,1.749756,0.312805
1.911046,1.715543,0.312805
1.891496,1.686217,0.312805
1.876833,1.652004,0.312805
1.857283,1.617791,0.307918
1.832845,1.588465,0.312805
1.818182,1.559140,0.307918
1.798631,1.529814,0.303030
1.779081,1.500489,0.303030
1.759531,1.476051,0.303030
1.744868,1.446725,0.303030
1.725318,1.417400,0.298143
1.710655,1.392962,0.293255
1.686217,1.368524,0.298143
1.676442,1.344086,0.298143
1.661779,1.319648,0.293255
1.642229,1.300098,0.283480
1.627566,1.275660,0.283480
1.612903,1.251222,0.293255
1.598240,1.231672,0.293255
1.583578,1.212121,0.293255
1.564027,1.192571,0.288368
1.549365,1.168133,0.288368
1.539589,1.148583,0.283480
1.520039,1.129032,0.283480
1.510264,1.114370,0.288368
1.490714,1.094819,0.288368
1.480938,1.075269,0.283480
1.466276,1.060606,0.288368
1.456500,1.045943,0.283480
1.441838,1.026393,0.283480
1.427175,1.011730,0.288368
1.412512,0.997067,0.278592
1.402737,0.982405,0.288368
1.388074,0.967742,0.283480
1.373412,0.953079,0.283480
1.358749,0.933529,0.278592
1.344086,0.918866,0.278592
1.334311,0.904203,0.283480
1.319648,0.889541,0.273705
1.309873,0.874878,0.278592
1.295210,0.860215,0.278592
1.280547,0.850440,0.278592
1.270772,0.835777,0.278592
1.260997,0.826002,0.273705
1.251222,0.811339,0.278592
1.241447,0.801564,0.268817
1.231672,0.796676,0.273705
1.221896,0.782014,0.278592
1.212121,0.772239,0.278592
1.202346,0.762463,0.273705
1.192571,0.752688,0.278592
1.182796,0.747801,0.273705
1.173021,0.738025,0.273705
1.163245,0.728250,0.273705
1.153470,0.718475,0.278592
1.148583,0.708700,0.273705
1.138807,0.698925,0.268817
1.129032,0.694037,0.273705
1.124145,0.689150,0.273705
1.114370,0.679374,0.278592
1.104594,0.669599,0.268817
1.099707,0.664712,0.273705
1.089932,0.654936,0.278592
1.085044,0.645161,0.268817
1.075269,0.640274,0.268817
1.065494,0.630499,0.268817
1.055718,0.620723,0.268817
1.050831,0.615836,0.273705
1.045943,0.606061,0.273705
1.036168,0.601173,0.273705
1.026393,0.596285,0.273705
1.021505,0.591398,0.268817
1.016618,0.581623,0.273705
1.006843,0.576735,0.268817
1.001955,0.571848,0.273705
0.992180,0.566960,0.273705
0.987292,0.562072,0.268817
0.982405,0.557185,0.268817
0.977517,0.552297,0.268817
0.967742,0.542522,0.268817
0.962854,0.537634,0.268817
0.953079,0.532747,0.273705
0.948192,0.527859,0.268817
0.943304,0.522972,0.263930
0.933529,0.513196,0.273705
0.928641,0.508309,0.268817
0.923754,0.508309,0.268817
0.918866,0.503421,0.268817
0.913978,0.498534,0.273705
0.909091,0.493646,0.268817
0.904203,0.488759,0.263930
0.899316,0.483871,0.268817
0.894428,0.478983,0.263930
0.889541,0.478983,0.263930
0.884653,0.469208,0.259042
0.879765,0.469208,0.268817
0.874878,0.464321,0.263930
0.874878,0.459433,0.263930
0.865103,0.459433,0.259042
0.860215,0.454545,0.268817
0.855327,0.449658,0.263930
0.855327,0.444770,0.263930
0.850440,0.444770,0.263930
0.845552,0.439883,0.263930
0.840665,0.434995,0.263930
0.840665,0.434995,0.263930
0.830890,0.425220,0.268817
0.830890,0.430108,0.263930
0.826002,0.425220,0.268817
0.821114,0.420332,0.263930
0.816227,0.415445,0.268817
0.811339,0.410557,0.263930
0.806452,0.405670,0.263930
0.806452,0.405670,0.263930
0.801564,0.405670,0.268817
0.796676,0.405670,0.263930
0.791789,0.400782,0.263930
0.791789,0.400782,0.268817
0.786901,0.395894,0.263930
0.786901,0.391007,0.263930
0.782014,0.386119,0.263930
0.777126,0.386119,0.263930
0.772239,0.381232,0.263930
0.772239,0.381232,0.268817
0.767351,0.381232,0.263930
0.767351,0.376344,0.263930
0.762463,0.366569,0.263930
0.757576,0.371457,0.259042
0.757576,0.366569,0.268817
0.752688,0.366569,0.263930
0.747801,0.361681,0.263930
0.747801,0.361681,0.263930
0.747801,0.361681,0.263930
0.742913,0.356794,0.263930
0.738025,0.356794,0.263930
0.738025,0.356794,0.263930
0.733138,0.351906,0.263930
0.728250,0.351906,0.263930
0.728250,0.347019,0.263930
0.723363,0.347019,0.259042
0.718475,0.342131,0.263930
0.718475,0.342131,0.263930
0.718475,0.337243,0.263930
0.713587,0.337243,0.263930
0.713587,0.337243,0.268817
0.708700,0.337243,0.263930
0.708700,0.332356,0.263930
0.703812,0.327468,0.263930
0.703812,0.327468,0.263930
0.698925,0.327468,0.263930
0.694037,0.322581,0.259042
0.694037,0.322581,0.263930
0.694037,0.322581,0.259042
0.689150,0.322581,0.259042
0.689150,0.317693,0.263930
0.684262,0.317693,0.263930
0.684262,0.312805,0.259042
0.679374,0.307918,0.263930
0.674487,0.312805,0.259042
0.674487,0.307918,0.278592
0.674487,0.307918,0.278592
0.669599,0.307918,0.278592
0.669599,0.303030,0.249267
0.664712,0.303030,0.263930
0.664712,0.303030,0.263930
0.659824,0.298143,0.283480
0.659824,0.293255,0.263930
0.654936,0.298143,0.263930
0.654936,0.293255,0.259042
0.650049,0.288368,0.263930
0.650049,0.293255,0.278592
0.650049,0.288368,0.259042
0.645161,0.288368,0.263930
0.645161,0.288368,0.278592
0.640274,0.288368,0.263930
0.640274,0.283480,0.268817
0.640274,0.283480,0.273705
0.635386,0.283480,0.278592
0.630499,0.278592,0.259042
0.630499,0.278592,0.273705
0.630499,0.278592,0.278592
0.630499,0.273705,0.249267
0.625611,0.278592,0.254154
0.625611,0.273705,0.249267
0.620723,0.268817,0.249267
0.620723,0.273705,0.254154
0.615836,0.273705,0.249267
0.615836,0.268817,0.254154
0.615836,0.268817,0.273705
0.615836,0.268817,0.278592
0.610948,0.263930,0.249267
0.610948,0.263930,0.254154
0.610948,0.263930,0.259042
0.606061,0.263930,0.259042
0.606061,0.259042,0.259042
0.606061,0.259042,0.273705
0.601173,0.259042,0.259042
0.601173,0.259042,0.263930
0.596285,0.259042,0.263930
0.596285,0.254154,0.259042
0.596285,0.254154,0.259042
0.591398,0.254154,0.259042
0.591398,0.254154,0.259042
0.591398,0.249267,0.259042
0.591398,0.244379,0.259042
0.586510,0.244379,0.259042
0.586510,0.244379,0.259042
0.581623,0.244379,0.259042
0.581623,0.244379,0.259042
0.581623,0.244379,0.259042
0.576735,0.244379,0.259042
0.576735,0.239492,0.259042
0.576735,0.239492,0.259042
0.571848,0.234604,0.259042
0.571848,0.239492,0.259042
0.571848,0.234604,0.254154
0.566960,0.234604,0.259042
0.566960,0.234604,0.259042
0.566960,0.234604,0.254154
0.566960,0.234604,0.259042
0.562072,0.234604,0.259042
0.562072,0.234604,0.259042
0.557185,0.229717,0.254154
0.562072,0.229717,0.254154
0.557185,0.224829,0.259042
0.552297,0.229717,0.259042
0.552297,0.224829,0.254154
0.552297,0.224829,0.259042
0.547410,0.224829,0.254154
0.547410,0.224829,0.259042
0.547410,0.224829,0.254154
0.547410,0.219941,0.254154
0.547410,0.219941,0.259042
0.542522,0.219941,0.249267
0.537634,0.219941,0.254154
0.537634,0.215054,0.259042
0.537634,0.215054,0.254154
0.537634,0.219941,0.254154
0.532747,0.215054,0.254154
0.542522,0.215054,0.254154
0.532747,0.215054,0.259042
0.532747,0.215054,0.259042
0.532747,0.215054,0.259042
0.527859,0.210166,0.254154
0.527859,0.210166,0.254154
0.527859,0.210166,0.254154
0.527859,0.210166,0.254154
0.522972,0.210166,0.254154
0.522972,0.205279,0.254154
0.522972,0.205279,0.254154
0.522972,0.205279,0.254154
0.518084,0.205279,0.259042
0.518084,0.205279,0.254154
0.518084,0.200391,0.254154
0.513196,0.200391,0.254154
0.513196,0.200391,0.254154
0.513196,0.200391,0.254154
0.513196,0.200391,0.259042
0.513196,0.200391,0.254154
0.508309,0.200391,0.254154
0.508309,0.200391,0.254154
0.508309,0.195503,0.254154
0.508309,0.195503,0.259042
0.508309,0.195503,0.254154
0.503421,0.195503,0.259042
0.503421,0.195503,0.254154
0.498534,0.195503,0.259042
0.503421,0.190616,0.254154
0.498534,0.195503,0.254154
0.498534,0.190616,0.254154
0.498534,0.195503,0.254154
0.498534,0.190616,0.254154
0.498534,0.190616,0.254154
0.493646,0.190616,0.254154
0.493646,0.190616,0.254154
0.493646,0.190616,0.254154
0.493646,0.185728,0.254154
0.488759,0.185728,0.263930
0.488759,0.190616,0.254154
0.493646,0.185728,0.254154
0.488759,0.185728,0.254154
0.483871,0.185728,0.254154
0.488759,0.185728,0.254154
0.483871,0.185728,0.254154
0.488759,0.185728,0.254154
0.483871,0.185728,0.254154
0.483871,0.180841,0.254154
0.483871,0.180841,0.259042
0.483871,0.180841,0.254154
0.478983,0.180841,0.254154
0.478983,0.185728,0.254154
0.478983,0.180841,0.254154
0.483871,0.180841,0.259042
0.478983,0.180841,0.254154
0.478983,0.175953,0.254154
0.474096,0.180841,0.249267
0.474096,0.175953,0.259042
0.474096,0.180841,0.254154
0.474096,0.175953,0.254154
0.469208,0.175953,0.254154
0.469208,0.175953,0.254154
0.469208,0.175953,0.254154
0.469208,0.171065,0.254154
0.464321,0.175953,0.254154
0.469208,0.171065,0.249267
0.469208,0.171065,0.254154
0.464321,0.171065,0.244379
0.464321,0.171065,0.249267
0.464321,0.171065,0.249267
0.464321,0.171065,0.244379
0.464321,0.171065,0.249267
0.464321,0.166178,0.249267
0.459433,0.171065,0.244379
0.459433,0.171065,0.249267
0.459433,0.166178,0.244379
0.459433,0.166178,0.244379
0.459433,0.166178,0.244379
0.454545,0.166178,0.244379
0.454545,0.166178,0.244379
0.454545,0.166178,0.244379
0.454545,0.166178,0.244379
0.454545,0.161290,0.244379
0.454545,0.166178,0.244379
0.454545,0.161290,0.244379
0.449658,0.161290,0.244379
0.449658,0.161290,0.244379
1.285435,1.906158,1.104594
2.331378,2.541544,1.427175
2.697947,2.697947,1.417400
2.839687,2.756598,1.314761
2.888563,2.771261,1.202346
2.898338,2.766373,1.085044
2.883675,2.741935,0.972630
2.854350,2.702835,0.884653
2.825024,2.658847,0.816227
2.785924,2.609971,0.762463
2.746823,2.561095,0.708700
2.702835,2.512219,0.669599
2.668622,2.458456,0.630499
2.624633,2.399804,0.596285
2.580645,2.346041,0.566960
2.536657,2.287390,0.542522
2.492669,2.228739,0.518084
2.453568,2.174976,0.498534
2.409580,2.116325,0.478983
2.350929,2.038123,0.454545
2.316716,1.979472,0.434995
2.267840,1.915934,0.420332
2.223851,1.857283,0.405670
2.184751,1.798631,0.395894
2.145650,1.739980,0.391007
2.106549,1.686217,0.376344
2.052786,1.612903,0.361681
2.018573,1.564027,0.356794
1.969697,1.495601,0.347019
1.920821,1.427175,0.337243
1.886608,1.383187,0.332356
1.852395,1.334311,0.327468
1.823069,1.290323,0.317693
1.788856,1.251222,0.312805
1.744868,1.187683,0.307918
1.715543,1.148583,0.307918
1.691105,1.114370,0.298143
1.666667,1.080156,0.298143
1.637341,1.041056,0.293255
1.612903,1.011730,0.288368
1.578690,0.967742,0.288368
1.544477,0.928641,0.283480
1.515152,0.899316,0.283480
1.495601,0.869990,0.283480
1.471163,0.845552,0.278592
1.451613,0.821114,0.278592
1.427175,0.796676,0.278592
1.402737,0.777126,0.273705
1.383187,0.757576,0.273705
1.363636,0.742913,0.273705
1.344086,0.723363,0.268817
1.329423,0.708700,0.268817
1.309873,0.694037,0.268817
1.290323,0.674487,0.268817
1.270772,0.659824,0.263930
1.251222,0.645161,0.263930
1.231672,0.625611,0.263930
1.212121,0.620723,0.263930
1.197458,0.601173,0.263930
1.182796,0.591398,0.263930
1.168133,0.576735,0.259042
1.153470,0.562072,0.263930
1.138807,0.552297,0.259042
1.124145,0.537634,0.259042
1.109482,0.527859,0.259042
1.094819,0.513196,0.259042
1.085044,0.503421,0.259042
1.075269,0.493646,0.263930
1.055718,0.483871,0.259042
1.045943,0.474096,0.259042
1.031281,0.469208,0.254154
1.021505,0.459433,0.259042
1.011730,0.454545,0.254154
1.001955,0.444770,0.259042
0.992180,0.439883,0.254154
0.982405,0.430108,0.249267
0.972630,0.420332,0.254154
0.962854,0.415445,0.259042
0.953079,0.405670,0.254154
0.938416,0.400782,0.249267
0.933529,0.395894,0.249267
0.923754,0.391007,0.254154
0.913978,0.386119,0.254154
0.909091,0.376344,0.254154
0.899316,0.371457,0.254154
0.889541,0.366569,0.254154
0.879765,0.361681,0.254154
0.874878,0.356794,0.249267
0.865103,0.356794,0.254154
0.865103,0.356794,0.249267
0.855327,0.356794,0.249267
0.850440,0.351906,0.249267
0.840665,0.347019,0.254154
0.840665,0.347019,0.249267
0.835777,0.342131,0.254154
0.830890,0.342131,0.254154
0.821114,0.337243,0.249267
0.816227,0.332356,0.249267
0.811339,0.332356,0.249267
0.806452,0.322581,0.254154
0.801564,0.317693,0.249267
0.796676,0.312805,0.249267
0.786901,0.307918,0.249267
0.782014,0.303030,0.254154
0.777126,0.298143,0.249267
0.772239,0.298143,0.254154
0.767351,0.293255,0.254154
0.752688,0.288368,0.249267
0.752688,0.288368,0.249267
0.747801,0.283480,0.249267
0.742913,0.278592,0.249267
0.742913,0.278592,0.249267
0.738025,0.273705,0.249267
0.728250,0.268817,0.249267
0.723363,0.268817,0.249267
0.718475,0.268817,0.249267
0.713587,0.263930,0.249267
0.713587,0.259042,0.244379
0.708700,0.259042,0.249267
0.703812,0.254154,0.249267
0.698925,0.254154,0.249267
0.694037,0.254154,0.249267
0.689150,0.249267,0.249267
0.684262,0.244379,0.249267
0.684262,0.244379,0.249267
0.679374,0.244379,0.249267
0.674487,0.239492,0.249267
0.669599,0.239492,0.244379
0.669599,0.234604,0.249267
0.664712,0.234604,0.249267
0.659824,0.234604,0.249267
0.654936,0.229717,0.249267
0.654936,0.224829,0.244379
0.650049,0.229717,0.249267
0.650049,0.229717,0.249267
0.645161,0.224829,0.249267
0.640274,0.219941,0.249267
0.635386,0.219941,0.244379
0.635386,0.219941,0.244379
0.630499,0.219941,0.244379
0.630499,0.215054,0.244379
0.625611,0.215054,0.244379
0.625611,0.215054,0.244379
0.620723,0.210166,0.244379
0.615836,0.210166,0.244379
0.615836,0.210166,0.249267
0.610948,0.205279,0.244379
0.606061,0.205279,0.244379
0.601173,0.205279,0.254154
0.606061,0.200391,0.244379
0.601173,0.200391,0.249267
0.596285,0.200391,0.244379
0.596285,0.200391,0.244379
0.591398,0.200391,0.249267
0.591398,0.200391,0.244379
0.586510,0.195503,0.244379
0.586510,0.195503,0.244379
0.581623,0.190616,0.244379
0.581623,0.190616,0.244379
0.576735,0.190616,0.244379
0.576735,0.190616,0.244379
0.576735,0.190616,0.244379
0.571848,0.190616,0.244379
0.571848,0.190616,0.244379
0.566960,0.185728,0.239492
0.566960,0.185728,0.244379
0.562072,0.185728,0.244379
0.562072,0.185728,0.244379
0.557185,0.185728,0.244379
0.557185,0.180841,0.244379
0.557185,0.180841,0.244379
0.552297,0.180841,0.244379
0.547410,0.180841,0.249267
0.547410,0.175953,0.244379
0.547410,0.175953,0.244379
0.542522,0.175953,0.244379
0.542522,0.175953,0.244379
0.542522,0.175953,0.244379
0.542522,0.171065,0.244379
0.532747,0.175953,0.244379
0.537634,0.171065,0.244379
0.537634,0.171065,0.244379
0.532747,0.175953,0.244379
0.532747,0.166178,0.249267
0.532747,0.166178,0.244379
0.527859,0.171065,0.244379
0.522972,0.166178,0.244379
0.522972,0.166178,0.244379
0.518084,0.166178,0.244379
0.518084,0.166178,0.244379
0.518084,0.166178,0.244379
0.513196,0.161290,0.249267
0.518084,0.161290,0.244379
0.513196,0.161290,0.244379
0.513196,0.161290,0.244379
0.508309,0.161290,0.244379
0.513196,0.161290,0.244379
0.508309,0.156403,0.244379
0.503421,0.156403,0.244379
0.503421,0.156403,0.244379
0.503421,0.151515,0.244379
0.498534,0.151515,0.244379
0.498534,0.151515,0.244379
0.498534,0.151515,0.244379
0.493646,0.151515,0.244379
0.493646,0.151515,0.244379
0.483871,0.146628,0.244379
0.488759,0.146628,0.244379
0.488759,0.146628,0.239492
0.483871,0.141740,0.239492
0.483871,0.141740,0.244379
0.483871,0.141740,0.244379
0.478983,0.141740,0.244379
0.478983,0.141740,0.244379
0.474096,0.136852,0.244379
0.474096,0.141740,0.244379
0.474096,0.141740,0.244379
0.469208,0.141740,0.244379
0.469208,0.136852,0.244379
0.469208,0.136852,0.244379
0.469208,0.136852,0.244379
0.469208,0.136852,0.244379
0.464321,0.136852,0.239492
0.464321,0.131965,0.239492
0.459433,0.131965,0.239492
0.459433,0.131965,0.244379
0.459433,0.131965,0.244379
0.459433,0.131965,0.244379
0.454545,0.127077,0.244379
0.454545,0.127077,0.239492
0.449658,0.131965,0.239492
0.449658,0.127077,0.239492
0.449658,0.127077,0.239492
0.449658,0.127077,0.239492
0.449658,0.122190,0.239492
0.444770,0.127077,0.244379
0.444770,0.127077,0.239492
0.444770,0.127077,0.244379
0.439883,0.122190,0.239492
0.439883,0.122190,0.239492
0.439883,0.122190,0.239492
0.434995,0.122190,0.239492
0.434995,0.122190,0.244379
0.434995,0.122190,0.239492
0.434995,0.117302,0.239492
0.430108,0.122190,0.244379
0.430108,0.117302,0.244379
0.425220,0.117302,0.239492
0.425220,0.117302,0.239492
0.425220,0.117302,0.244379
1.309873,2.502444,1.392962
2.575758,3.328446,2.028348
2.859238,3.401760,1.896383
2.961877,3.387097,1.647116
2.991202,3.352884,1.378299
3.010753,3.323558,1.187683
3.000978,3.269795,1.045943
2.976540,3.206256,0.933529
2.947214,3.147605,0.840665
2.903226,3.084066,0.767351
2.864125,3.020528,0.698925
2.825024,2.956989,0.645161
2.785924,2.888563,0.601173
2.766373,2.820137,0.557185
2.702835,2.751711,0.522972
2.683284,2.678397,0.488759
2.634409,2.614858,0.464321
2.609971,2.546432,0.439883
2.561095,2.458456,0.415445
2.517107,2.385142,0.395894
2.473118,2.311828,0.381232
2.424242,2.233627,0.371457
2.375367,2.160313,0.356794
2.331378,2.091887,0.347019
2.282502,2.023460,0.337243
2.233627,1.950147,0.332356
2.184751,1.886608,0.322581
2.135875,1.818182,0.312805
2.091887,1.759531,0.307918
2.047898,1.691105,0.307918
2.003910,1.627566,0.298143
1.964809,1.568915,0.293255
1.930596,1.515152,0.293255
1.891496,1.456500,0.288368
1.857283,1.407625,0.283480
1.818182,1.353861,0.283480
1.788856,1.309873,0.283480
1.754643,1.260997,0.273705
1.715543,1.212121,0.273705
1.681329,1.168133,0.273705
1.652004,1.124145,0.268817
1.622678,1.089932,0.268817
1.598240,1.060606,0.263930
1.573803,1.026393,0.263930
1.549365,0.997067,0.263930
1.524927,0.967742,0.263930
1.500489,0.943304,0.263930
1.476051,0.918866,0.259042
1.461388,0.894428,0.259042
1.436950,0.874878,0.259042
1.412512,0.850440,0.259042
1.392962,0.830890,0.254154
1.378299,0.811339,0.254154
1.358749,0.791789,0.259042
1.339198,0.772239,0.254154
1.324536,0.752688,0.254154
1.304985,0.738025,0.254154
1.290323,0.723363,0.254154
1.270772,0.708700,0.254154
1.256109,0.694037,0.254154
1.241447,0.679374,0.254154
1.226784,0.664712,0.249267
1.212121,0.650049,0.249267
1.197458,0.640274,0.249267
1.182796,0.625611,0.249267
1.168133,0.615836,0.249267
1.153470,0.601173,0.249267
1.143695,0.591398,0.249267
1.129032,0.581623,0.249267
1.114370,0.571848,0.249267
1.104594,0.557185,0.244379
1.094819,0.552297,0.244379
1.080156,0.542522,0.249267
1.070381,0.532747,0.249267
1.060606,0.522972,0.249267
1.050831,0.518084,0.249267
1.036168,0.508309,0.249267
1.031281,0.498534,0.249267
1.016618,0.493646,0.244379
1.006843,0.483871,0.244379
0.997067,0.474096,0.244379
0.987292,0.469208,0.249267
0.977517,0.464321,0.244379
0.967742,0.454545,0.244379
0.962854,0.449658,0.244379
0.953079,0.444770,0.244379
0.943304,0.434995,0.244379
0.938416,0.430108,0.244379
0.928641,0.425220,0.244379
0.918866,0.420332,0.244379
0.913978,0.415445,0.244379
0.904203,0.410557,0.244379
0.894428,0.400782,0.244379
0.889541,0.395894,0.244379
0.884653,0.395894,0.244379
0.874878,0.386119,0.244379
0.869990,0.386119,0.244379
0.860215,0.376344,0.244379
0.855327,0.376344,0.244379
0.850440,0.371457,0.244379
0.840665,0.366569,0.244379
0.840665,0.361681,0.244379
0.830890,0.361681,0.244379
0.826002,0.356794,0.244379
0.821114,0.351906,0.244379
0.816227,0.351906,0.244379
0.811339,0.347019,0.239492
0.806452,0.342131,0.244379
0.796676,0.337243,0.239492
0.791789,0.332356,0.239492
0.786901,0.332356,0.239492
0.782014,0.327468,0.239492
0.777126,0.322581,0.244379
0.772239,0.317693,0.244379
0.767351,0.312805,0.239492
0.762463,0.312805,0.239492
0.757576,0.312805,0.239492
0.757576,0.307918,0.244379
0.752688,0.307918,0.239492
0.747801,0.303030,0.239492
0.742913,0.298143,0.239492
0.738025,0.293255,0.239492
0.733138,0.293255,0.244379
0.728250,0.293255,0.239492
0.728250,0.293255,0.244379
0.728250,0.288368,0.239492
0.718475,0.283480,0.239492
0.713587,0.283480,0.239492
0.708700,0.278592,0.239492
0.703812,0.278592,0.239492
0.703812,0.273705,0.239492
0.698925,0.273705,0.249267
0.694037,0.273705,0.239492
0.689150,0.268817,0.244379
0.684262,0.268817,0.244379
0.684262,0.263930,0.244379
0.684262,0.263930,0.244379
0.679374,0.259042,0.244379
0.674487,0.259042,0.244379
0.669599,0.259042,0.244379
0.669599,0.254154,0.244379
0.664712,0.249267,0.244379
0.664712,0.249267,0.244379
0.659824,0.249267,0.244379
0.659824,0.249267,0.244379
0.654936,0.244379,0.244379
0.650049,0.244379,0.244379
0.650049,0.244379,0.244379
0.645161,0.239492,0.244379
0.640274,0.239492,0.244379
0.640274,0.239492,0.244379
0.640274,0.234604,0.244379
0.635386,0.234604,0.244379
0.630499,0.234604,0.244379
0.630499,0.229717,0.249267
0.625611,0.234604,0.244379
0.625611,0.229717,0.244379
0.625611,0.229717,0.244379
0.615836,0.224829,0.244379
0.620723,0.224829,0.249267
0.615836,0.224829,0.244379
0.610948,0.224829,0.244379
0.610948,0.219941,0.244379
0.606061,0.219941,0.244379
0.601173,0.219941,0.244379
0.601173,0.215054,0.244379
0.601173,0.215054,0.244379
0.596285,0.215054,0.244379
0.596285,0.215054,0.244379
0.591398,0.210166,0.244379
0.591398,0.210166,0.244379
0.591398,0.205279,0.244379
0.586510,0.210166,0.244379
0.586510,0.210166,0.244379
0.586510,0.205279,0.249267
0.581623,0.205279,0.244379
0.581623,0.205279,0.244379
0.576735,0.200391,0.244379
0.576735,0.200391,0.244379
0.576735,0.200391,0.244379
0.571848,0.200391,0.244379
0.571848,0.200391,0.244379
0.566960,0.195503,0.239492
0.562072,0.195503,0.244379
0.566960,0.200391,0.244379
0.562072,0.195503,0.244379
0.562072,0.195503,0.244379
0.557185,0.190616,0.244379
0.557185,0.190616,0.249267
0.557185,0.190616,0.268817
0.552297,0.190616,0.268817
0.552297,0.190616,0.268817
0.552297,0.185728,0.268817
0.552297,0.185728,0.263930
0.547410,0.185728,0.254154
0.542522,0.185728,0.249267
0.547410,0.185728,0.254154
0.537634,0.185728,0.254154
0.542522,0.180841,0.249267
0.537634,0.180841,0.244379
0.537634,0.180841,0.249267
0.532747,0.175953,0.249267
0.532747,0.175953,0.254154
0.532747,0.180841,0.249267
0.527859,0.175953,0.249267
0.527859,0.175953,0.254154
0.527859,0.175953,0.249267
0.527859,0.171065,0.249267
0.522972,0.171065,0.249267
0.522972,0.175953,0.249267
0.518084,0.171065,0.249267
0.518084,0.171065,0.249267
0.518084,0.171065,0.249267
0.513196,0.171065,0.249267
0.513196,0.171065,0.249267
0.513196,0.166178,0.249267
0.513196,0.166178,0.268817
0.513196,0.166178,0.249267
0.508309,0.166178,0.249267
0.508309,0.166178,0.254154
0.508309,0.166178,0.249267
0.503421,0.166178,0.249267
0.503421,0.161290,0.249267
0.498534,0.166178,0.249267
0.498534,0.161290,0.249267
0.498534,0.161290,0.244379
0.498534,0.161290,0.249267
0.493646,0.156403,0.249267
0.493646,0.156403,0.249267
0.493646,0.156403,0.244379
0.493646,0.156403,0.249267
0.493646,0.156403,0.244379
0.488759,0.161290,0.249267
0.488759,0.156403,0.249267
0.488759,0.156403,0.249267
0.483871,0.156403,0.249267
0.483871,0.156403,0.249267
0.483871,0.156403,0.249267
0.483871,0.156403,0.249267
0.478983,0.151515,0.249267
0.478983,0.151515,0.244379
0.478983,0.151515,0.249267
0.478983,0.151515,0.244379
0.474096,0.151515,0.249267
0.474096,0.151515,0.244379
0.474096,0.151515,0.244379
0.474096,0.146628,0.249267
0.474096,0.151515,0.244379
0.474096,0.146628,0.249267
0.469208,0.146628,0.244379
0.469208,0.146628,0.244379
0.469208,0.146628,0.249267
0.464321,0.146628,0.249267
0.464321,0.146628,0.244379
0.464321,0.146628,0.249267
0.464321,0.146628,0.249267
0.459433,0.146628,0.249267
0.459433,0.146628,0.239492
0.459433,0.141740,0.244379
0.459433,0.141740,0.249267
0.459433,0.141740,0.249267
0.454545,0.141740,0.249267
0.454545,0.141740,0.249267
0.454545,0.141740,0.249267
0.454545,0.141740,0.244379
0.454545,0.141740,0.249267
0.454545,0.131965,0.249267
0.449658,0.136852,0.254154
0.454545,0.136852,0.244379
0.449658,0.136852,0.249267
0.449658,0.136852,0.249267
0.444770,0.136852,0.249267
0.444770,0.131965,0.249267
0.444770,0.131965,0.239492
0.444770,0.136852,0.244379
0.444770,0.131965,0.249267
0.439883,0.136852,0.244379
0.439883,0.136852,0.244379
0.439883,0.131965,0.244379
0.439883,0.136852,0.249267
0.439883,0.131965,0.244379
0.439883,0.131965,0.244379
0.439883,0.131965,0.244379
0.434995,0.131965,0.244379
0.434995,0.131965,0.249267
0.430108,0.131965,0.249267
0.434995,0.131965,0.249267
0.434995,0.131965,0.249267
0.430108,0.131965,0.244379
0.430108,0.131965,0.244379
0.430108,0.131965,0.244379
0.430108,0.127077,0.254154
0.425220,0.131965,0.249267
0.430108,0.127077,0.239492
0.425220,0.127077,0.234604
0.425220,0.127077,0.239492
0.425220,0.127077,0.249267
0.425220,0.127077,0.249267
0.425220,0.127077,0.249267
0.420332,0.122190,0.249267
0.420332,0.127077,0.249267
0.420332,0.122190,0.244379
0.420332,0.122190,0.244379
0.420332,0.527859,0.303030
2.082111,2.678397,1.119257
2.697947,2.825024,1.246334
2.849462,2.781036,1.173021
2.869013,2.697947,1.050831
2.844575,2.639296,0.913978
2.800587,2.531769,0.816227
2.741935,2.414467,0.733138
2.668622,2.292278,0.664712
2.590420,2.174976,0.610948
2.521994,2.062561,0.557185
2.443793,1.950147,0.518084
2.370479,1.847507,0.478983
2.302053,1.749756,0.454545
2.233627,1.656891,0.430108
2.165200,1.564027,0.400782
2.106549,1.480938,0.386119
2.038123,1.397849,0.371457
1.969697,1.319648,0.361681
1.911046,1.246334,0.351906
1.852395,1.177908,0.337243
1.803519,1.119257,0.327468
1.749756,1.060606,0.322581
1.705767,1.006843,0.312805
1.661779,0.957967,0.307918
1.622678,0.909091,0.303030
1.578690,0.860215,0.298143
1.544477,0.826002,0.298143
1.510264,0.786901,0.273705
1.476051,0.757576,0.278592
1.441838,0.723363,0.268817
1.407625,0.694037,0.268817
1.373412,0.664712,0.263930
1.348974,0.640274,0.268817
1.319648,0.610948,0.263930
1.295210,0.591398,0.263930
1.265885,0.571848,0.263930
1.241447,0.552297,0.259042
1.217009,0.532747,0.259042
1.187683,0.513196,0.259042
1.168133,0.498534,0.259042
1.148583,0.478983,0.259042
1.124145,0.469208,0.254154
1.109482,0.454545,0.254154
1.085044,0.444770,0.254154
1.070381,0.430108,0.254154
1.055718,0.420332,0.254154
1.041056,0.410557,0.254154
1.026393,0.400782,0.249267
1.011730,0.391007,0.254154
0.992180,0.381232,0.249267
0.982405,0.371457,0.249267
0.967742,0.366569,0.254154
0.957967,0.356794,0.254154
0.943304,0.351906,0.254154
0.928641,0.342131,0.249267
0.918866,0.337243,0.249267
0.909091,0.332356,0.249267
0.894428,0.322581,0.249267
0.874878,0.307918,0.249267
0.855327,0.303030,0.254154
0.845552,0.293255,0.249267
0.835777,0.288368,0.249267
0.821114,0.283480,0.249267
0.811339,0.278592,0.249267
0.801564,0.273705,0.268817
0.791789,0.268817,0.273705
0.786901,0.263930,0.254154
0.782014,0.259042,0.263930
0.772239,0.259042,0.244379
0.762463,0.254154,0.249267
0.757576,0.249267,0.254154
0.747801,0.239492,0.259042
0.738025,0.244379,0.244379
0.738025,0.239492,0.263930
0.728250,0.234604,0.259042
0.723363,0.234604,0.273705
0.718475,0.229717,0.259042
0.708700,0.224829,0.268817
0.703812,0.224829,0.259042
0.698925,0.219941,0.259042
0.694037,0.215054,0.254154
0.689150,0.215054,0.268817
0.684262,0.210166,0.244379
0.679374,0.210166,0.244379
0.674487,0.205279,0.244379
0.669599,0.205279,0.268817
0.659824,0.200391,0.259042
0.659824,0.200391,0.268817
0.654936,0.200391,0.268817
0.650049,0.195503,0.268817
0.645161,0.190616,0.244379
0.640274,0.195503,0.254154
0.635386,0.190616,0.259042
0.630499,0.190616,0.259042
0.625611,0.190616,0.259042
0.620723,0.185728,0.239492
0.620723,0.185728,0.259042
0.615836,0.180841,0.259042
0.615836,0.180841,0.259042
0.610948,0.180841,0.268817
0.601173,0.175953,0.263930
0.596285,0.175953,0.268817
0.596285,0.175953,0.263930
0.591398,0.171065,0.254154
0.586510,0.171065,0.254154
0.586510,0.171065,0.254154
0.581623,0.166178,0.254154
0.581623,0.166178,0.254154
0.576735,0.166178,0.254154
0.576735,0.166178,0.254154
0.571848,0.161290,0.254154
0.566960,0.161290,0.254154
0.562072,0.161290,0.254154
0.562072,0.156403,0.249267
0.562072,0.156403,0.254154
0.552297,0.156403,0.254154
0.552297,0.156403,0.259042
0.552297,0.156403,0.254154
0.547410,0.156403,0.254154
0.542522,0.151515,0.249267
0.542522,0.151515,0.249267
0.542522,0.151515,0.249267
0.537634,0.151515,0.244379
0.537634,0.146628,0.249267
0.532747,0.146628,0.249267
0.527859,0.146628,0.244379
0.527859,0.141740,0.244379
0.527859,0.146628,0.249267
0.522972,0.146628,0.244379
0.522972,0.146628,0.244379
0.518084,0.141740,0.249267
0.518084,0.141740,0.249267
0.513196,0.141740,0.244379
0.513196,0.136852,0.244379
0.508309,0.136852,0.244379
0.508309,0.136852,0.244379
0.508309,0.136852,0.249267
0.503421,0.136852,0.244379
0.498534,0.131965,0.244379
0.503421,0.131965,0.244379
0.498534,0.136852,0.244379
0.498534,0.131965,0.244379
0.493646,0.131965,0.249267
0.493646,0.131965,0.244379
0.488759,0.131965,0.244379
0.488759,0.131965,0.244379
0.483871,0.131965,0.249267
0.483871,0.127077,0.244379
0.483871,0.131965,0.244379
0.478983,0.127077,0.244379
0.478983,0.131965,0.244379
0.478983,0.127077,0.244379
0.478983,0.127077,0.254154
0.474096,0.127077,0.244379
0.474096,0.127077,0.244379
0.469208,0.127077,0.244379
0.469208,0.122190,0.244379
0.469208,0.127077,0.244379
0.464321,0.122190,0.244379
0.464321,0.122190,0.244379
0.464321,0.122190,0.249267
0.459433,0.122190,0.249267
0.459433,0.122190,0.244379
0.459433,0.122190,0.244379
0.454545,0.122190,0.249267
0.454545,0.117302,0.239492
0.454545,0.122190,0.244379
0.454545,0.117302,0.229717
0.454545,0.117302,0.229717
0.449658,0.117302,0.239492
0.444770,0.122190,0.239492
0.444770,0.112414,0.239492
0.449658,0.117302,0.234604
0.444770,0.117302,0.239492
0.444770,0.117302,0.239492
0.439883,0.117302,0.239492
0.439883,0.117302,0.239492
0.439883,0.112414,0.239492
0.439883,0.112414,0.239492
0.439883,0.117302,0.239492
0.439883,0.117302,0.239492
0.439883,0.117302,0.239492
0.439883,0.117302,0.239492
0.439883,0.117302,0.239492
0.439883,0.117302,0.244379
0.439883,0.122190,0.244379
0.439883,0.122190,0.249267
0.434995,0.117302,0.249267
0.434995,0.117302,0.244379
0.439883,0.122190,0.244379
0.439883,0.122190,0.244379
0.439883,0.122190,0.239492
0.434995,0.122190,0.244379
0.434995,0.122190,0.244379
0.434995,0.122190,0.244379
0.434995,0.122190,0.244379
0.434995,0.122190,0.244379
0.434995,0.122190,0.244379
0.434995,0.117302,0.239492
0.430108,0.122190,0.244379
0.434995,0.117302,0.239492
0.430108,0.122190,0.239492
0.434995,0.122190,0.239492
0.430108,0.337243,0.293255
2.341153,3.406647,1.764418
2.825024,3.479961,1.769306
2.947214,3.455523,1.564027
2.996090,3.401760,1.348974
3.000978,3.362659,1.153470
2.996090,3.328446,1.045943
2.996090,3.294233,0.957967
2.952102,3.255132,0.889541
2.952102,3.220919,0.840665
2.927664,3.181818,0.777126
2.898338,3.137830,0.728250
2.854350,3.084066,0.664712
2.825024,3.035191,0.630499
2.795699,2.996090,0.591398
2.756598,2.947214,0.557185
2.722385,2.893451,0.527859
2.688172,2.844575,0.508309
2.663734,2.790811,0.478983
2.629521,2.741935,0.459433
2.595308,2.693060,0.434995
2.551320,2.619746,0.420332
2.517107,2.561095,0.405670
2.478006,2.502444,0.391007
2.443793,2.448680,0.376344
2.404692,2.385142,0.366569
2.360704,2.321603,0.361681
2.321603,2.262952,0.351906
2.267840,2.199413,0.342131
2.223851,2.140762,0.337243
2.179863,2.077224,0.332356
2.130987,1.994135,0.322581
2.082111,1.915934,0.317693
2.038123,1.857283,0.307918
1.999022,1.793744,0.303030
1.955034,1.735093,0.303030
1.925709,1.676442,0.298143
1.886608,1.622678,0.298143
1.842620,1.559140,0.293255
1.813294,1.500489,0.288368
1.779081,1.451613,0.283480
1.749756,1.407625,0.283480
1.720430,1.363636,0.283480
1.691105,1.319648,0.278592
1.661779,1.280547,0.273705
1.637341,1.246334,0.278592
1.612903,1.212121,0.268817
1.588465,1.173021,0.268817
1.564027,1.138807,0.273705
1.539589,1.109482,0.273705
1.510264,1.075269,0.268817
1.485826,1.045943,0.263930
1.456500,1.006843,0.263930
1.436950,0.977517,0.263930
1.412512,0.957967,0.263930
1.392962,0.933529,0.263930
1.373412,0.909091,0.263930
1.358749,0.889541,0.263930
1.329423,0.860215,0.259042
1.314761,0.840665,0.259042
1.295210,0.826002,0.263930
1.280547,0.801564,0.259042
1.260997,0.786901,0.259042
1.246334,0.772239,0.259042
1.231672,0.757576,0.259042
1.217009,0.738025,0.259042
1.202346,0.728250,0.259042
1.187683,0.713587,0.254154
1.173021,0.698925,0.259042
1.163245,0.689150,0.254154
1.148583,0.674487,0.254154
1.133920,0.659824,0.254154
1.124145,0.650049,0.244379
1.109482,0.640274,0.244379
1.099707,0.630499,0.244379
1.089932,0.620723,0.244379
1.075269,0.610948,0.249267
1.070381,0.601173,0.244379
1.060606,0.591398,0.244379
1.050831,0.581623,0.244379
1.036168,0.576735,0.244379
1.026393,0.566960,0.244379
1.016618,0.557185,0.244379
1.011730,0.552297,0.244379
1.001955,0.542522,0.244379
0.997067,0.532747,0.244379
0.982405,0.527859,0.244379
0.977517,0.522972,0.244379
0.967742,0.513196,0.244379
0.962854,0.513196,0.244379
0.953079,0.503421,0.244379
0.943304,0.493646,0.244379
0.938416,0.488759,0.244379
0.928641,0.483871,0.244379
0.923754,0.474096,0.244379
0.913978,0.469208,0.244379
0.909091,0.464321,0.244379
0.904203,0.459433,0.244379
0.894428,0.454545,0.244379
0.889541,0.449658,0.239492
0.884653,0.444770,0.244379
0.874878,0.439883,0.244379
0.869990,0.434995,0.244379
0.865103,0.430108,0.244379
0.860215,0.425220,0.244379
0.855327,0.420332,0.244379
0.850440,0.415445,0.244379
0.840665,0.415445,0.234604
0.835777,0.410557,0.234604
0.835777,0.405670,0.244379
0.826002,0.400782,0.239492
0.821114,0.395894,0.239492
0.816227,0.391007,0.244379
0.811339,0.391007,0.244379
0.806452,0.386119,0.239492
0.801564,0.381232,0.244379
0.796676,0.376344,0.239492
0.791789,0.376344,0.239492
0.786901,0.366569,0.239492
0.782014,0.366569,0.239492
0.777126,0.361681,0.244379
0.777126,0.361681,0.244379
0.767351,0.356794,0.239492
0.767351,0.351906,0.239492
0.762463,0.351906,0.259042
0.757576,0.347019,0.263930
0.752688,0.342131,0.259042
0.747801,0.337243,0.263930
0.742913,0.337243,0.263930
0.738025,0.327468,0.254154
0.733138,0.327468,0.254154
0.728250,0.327468,0.259042
0.728250,0.322581,0.254154
0.723363,0.322581,0.254154
0.718475,0.317693,0.254154
0.713587,0.312805,0.254154
0.708700,0.312805,0.254154
0.708700,0.307918,0.254154
0.703812,0.307918,0.254154
0.703812,0.303030,0.259042
0.698925,0.303030,0.263930
0.694037,0.298143,0.268817
0.689150,0.298143,0.249267
0.684262,0.293255,0.259042
0.684262,0.293255,0.268817
0.679374,0.293255,0.268817
0.679374,0.293255,0.254154
0.674487,0.283480,0.254154
0.669599,0.283480,0.259042
0.669599,0.283480,0.259042
0.664712,0.283480,0.268817
0.664712,0.278592,0.259042
0.659824,0.278592,0.268817
0.659824,0.273705,0.259042
0.654936,0.273705,0.254154
0.650049,0.273705,0.254154
0.650049,0.273705,0.259042
0.645161,0.268817,0.259042
0.645161,0.263930,0.259042
0.635386,0.263930,0.268817
0.635386,0.259042,0.254154
0.635386,0.259042,0.268817
0.630499,0.254154,0.259042
0.625611,0.254154,0.254154
0.625611,0.254154,0.259042
0.625611,0.254154,0.259042
0.620723,0.254154,0.254154
0.620723,0.249267,0.254154
0.620723,0.249267,0.254154
0.615836,0.249267,0.254154
0.610948,0.244379,0.263930
0.610948,0.244379,0.254154
0.606061,0.244379,0.268817
0.606061,0.244379,0.254154
0.606061,0.234604,0.263930
0.601173,0.239492,0.259042
0.596285,0.239492,0.254154
0.596285,0.234604,0.259042
0.596285,0.239492,0.249267
0.591398,0.234604,0.254154
0.591398,0.229717,0.259042
0.586510,0.234604,0.268817
0.586510,0.224829,0.263930
0.586510,0.229717,0.254154
0.576735,0.229717,0.263930
0.576735,0.224829,0.263930
0.576735,0.224829,0.254154
0.576735,0.224829,0.263930
0.571848,0.224829,0.249267
0.566960,0.219941,0.263930
0.566960,0.219941,0.259042
0.566960,0.219941,0.259042
0.566960,0.215054,0.249267
0.562072,0.215054,0.263930
0.557185,0.215054,0.263930
0.557185,0.210166,0.239492
0.557185,0.215054,0.259042
0.557185,0.215054,0.254154
0.552297,0.210166,0.268817
0.552297,0.210166,0.254154
0.547410,0.210166,0.254154
0.547410,0.205279,0.263930
0.547410,0.210166,0.263930
0.542522,0.205279,0.259042
0.542522,0.205279,0.249267
0.542522,0.205279,0.259042
0.542522,0.205279,0.268817
0.542522,0.200391,0.254154
0.537634,0.200391,0.244379
0.537634,0.200391,0.273705
0.532747,0.200391,0.278592
0.532747,0.195503,0.278592
0.532747,0.195503,0.263930
0.532747,0.195503,0.263930
0.527859,0.195503,0.263930
0.522972,0.195503,0.249267
0.527859,0.190616,0.259042
0.522972,0.195503,0.263930
0.522972,0.190616,0.263930
0.522972,0.190616,0.263930
0.518084,0.190616,0.263930
0.522972,0.185728,0.259042
0.518084,0.185728,0.263930
0.513196,0.185728,0.263930
0.513196,0.190616,0.263930
0.513196,0.185728,0.263930
0.508309,0.185728,0.259042
0.508309,0.185728,0.259042
0.508309,0.185728,0.263930
0.508309,0.180841,0.259042
0.503421,0.180841,0.263930
0.508309,0.180841,0.263930
0.503421,0.180841,0.259042
0.503421,0.180841,0.259042
0.503421,0.175953,0.268817
0.498534,0.175953,0.263930
0.498534,0.175953,0.259042
0.498534,0.175953,0.263930
0.498534,0.175953,0.254154
0.493646,0.175953,0.263930
0.493646,0.175953,0.263930
0.493646,0.171065,0.259042
0.488759,0.175953,0.259042
0.488759,0.171065,0.263930
0.488759,0.175953,0.259042
0.483871,0.171065,0.259042
0.483871,0.171065,0.244379
0.483871,0.166178,0.259042
0.483871,0.171065,0.259042
0.478983,0.166178,0.263930
0.478983,0.166178,0.259042
0.478983,0.166178,0.259042
0.474096,0.166178,0.259042
0.474096,0.166178,0.263930
0.474096,0.161290,0.259042
0.474096,0.166178,0.259042
0.474096,0.161290,0.259042
0.469208,0.166178,0.259042
0.469208,0.161290,0.259042
0.791789,1.867058,0.679374
2.629521,2.829912,1.309873
2.820137,2.785924,1.231672
2.844575,2.688172,1.085044
2.820137,2.634409,0.938416
2.766373,2.507331,0.830890
2.707722,2.375367,0.738025
2.634409,2.248289,0.669599
2.551320,2.116325,0.591398
2.443793,1.955034,0.542522
2.360704,1.827957,0.498534
2.277615,1.720430,0.464321
2.204301,1.612903,0.434995
2.130987,1.515152,0.410557
2.057674,1.422287,0.386119
1.989247,1.339198,0.376344
1.915934,1.260997,0.361681
1.857283,1.187683,0.351906
1.793744,1.119257,0.342131
1.744868,1.055718,0.332356
1.695992,1.001955,0.322581
1.647116,0.948192,0.317693
1.603128,0.899316,0.312805
1.564027,0.855327,0.312805
1.524927,0.811339,0.303030
1.495601,0.772239,0.298143
1.451613,0.733138,0.293255
1.417400,0.698925,0.288368
1.383187,0.664712,0.293255
1.348974,0.635386,0.288368
1.300098,0.596285,0.283480
1.260997,0.562072,0.283480
1.231672,0.542522,0.278592
1.207234,0.522972,0.278592
1.177908,0.503421,0.278592
1.153470,0.488759,0.273705
1.129032,0.464321,0.273705
1.099707,0.449658,0.273705
1.080156,0.434995,0.268817
1.060606,0.425220,0.273705
1.041056,0.410557,0.263930
1.021505,0.395894,0.268817
1.001955,0.386119,0.268817
0.982405,0.371457,0.268817
0.967742,0.361681,0.263930
0.953079,0.356794,0.268817
0.933529,0.347019,0.268817
0.923754,0.337243,0.268817
0.904203,0.327468,0.263930
0.894428,0.322581,0.263930
0.884653,0.317693,0.263930
0.869990,0.307918,0.263930
0.860215,0.303030,0.263930
0.850440,0.298143,0.263930
0.840665,0.288368,0.263930
0.826002,0.283480,0.263930
0.816227,0.278592,0.268817
0.806452,0.273705,0.259042
0.796676,0.268817,0.263930
0.786901,0.259042,0.263930
0.777126,0.259042,0.263930
0.772239,0.254154,0.263930
0.762463,0.249267,0.263930
0.752688,0.244379,0.263930
0.742913,0.239492,0.259042
0.738025,0.239492,0.259042
0.733138,0.234604,0.263930
0.723363,0.229717,0.263930
0.718475,0.224829,0.259042
0.713587,0.224829,0.259042
0.703812,0.219941,0.259042
0.698925,0.219941,0.259042
0.694037,0.215054,0.259042
0.684262,0.210166,0.263930
0.679374,0.210166,0.259042
0.674487,0.205279,0.259042
0.669599,0.205279,0.259042
0.659824,0.205279,0.259042
0.659824,0.200391,0.259042
0.650049,0.200391,0.259042
0.640274,0.195503,0.259042
0.645161,0.195503,0.259042
0.635386,0.190616,0.259042
0.635386,0.185728,0.259042
0.625611,0.185728,0.259042
0.620723,0.185728,0.259042
0.620723,0.185728,0.259042
0.615836,0.180841,0.259042
0.610948,0.180841,0.254154
0.606061,0.175953,0.259042
0.601173,0.175953,0.259042
0.591398,0.175953,0.254154
0.596285,0.171065,0.259042
0.586510,0.171065,0.259042
0.586510,0.171065,0.259042
0.581623,0.166178,0.254154
0.581623,0.166178,0.259042
0.576735,0.166178,0.254154
0.571848,0.166178,0.254154
0.566960,0.161290,0.254154
0.562072,0.161290,0.254154
0.562072,0.161290,0.254154
0.557185,0.156403,0.254154
0.557185,0.161290,0.254154
0.552297,0.156403,0.254154
0.552297,0.156403,0.259042
0.542522,0.156403,0.254154
0.547410,0.151515,0.254154
0.542522,0.151515,0.259042
0.542522,0.151515,0.259042
0.537634,0.151515,0.254154
0.537634,0.146628,0.259042
0.532747,0.146628,0.254154
0.527859,0.146628,0.259042
0.527859,0.146628,0.254154
0.527859,0.146628,0.259042
0.522972,0.146628,0.254154
0.522972,0.141740,0.254154
0.518084,0.141740,0.254154
0.513196,0.146628,0.254154
0.513196,0.141740,0.254154
0.513196,0.141740,0.254154
0.508309,0.141740,0.254154
0.503421,0.141740,0.254154
0.508309,0.136852,0.254154
0.503421,0.136852,0.254154
0.498534,0.136852,0.254154
0.498534,0.131965,0.249267
0.498534,0.136852,0.249267
0.493646,0.136852,0.254154
0.493646,0.136852,0.254154
0.488759,0.131965,0.254154
0.488759,0.131965,0.254154
0.488759,0.131965,0.259042
0.488759,0.131965,0.254154
0.483871,0.131965,0.254154
0.483871,0.127077,0.254154
0.478983,0.127077,0.254154
0.478983,0.127077,0.254154
0.474096,0.127077,0.254154
0.474096,0.127077,0.254154
0.474096,0.127077,0.254154
0.474096,0.127077,0.259042
0.469208,0.122190,0.254154
0.469208,0.127077,0.254154
0.464321,0.122190,0.254154
0.464321,0.122190,0.254154
0.464321,0.122190,0.249267
0.464321,0.122190,0.254154
0.459433,0.122190,0.254154
0.459433,0.122190,0.254154
0.454545,0.122190,0.249267
0.454545,0.122190,0.254154
0.454545,0.122190,0.254154
0.449658,0.117302,0.254154
0.449658,0.117302,0.254154
0.449658,0.117302,0.254154
0.449658,0.117302,0.254154
0.449658,0.117302,0.254154
0.444770,0.117302,0.254154
0.444770,0.117302,0.249267
0.444770,0.112414,0.254154
0.439883,0.112414,0.254154
0.439883,0.112414,0.254154
0.434995,0.112414,0.254154
0.434995,0.112414,0.249267
0.434995,0.112414,0.249267
0.434995,0.112414,0.254154
0.434995,0.112414,0.254154
0.430108,0.112414,0.254154
0.425220,0.112414,0.254154
0.425220,0.112414,0.254154
0.430108,0.112414,0.249267
0.425220,0.107527,0.254154
0.425220,0.107527,0.249267
0.425220,0.107527,0.259042
0.425220,0.107527,0.254154
0.420332,0.112414,0.254154
0.420332,0.107527,0.254154
0.420332,0.107527,0.254154
0.420332,0.107527,0.254154
0.415445,0.107527,0.254154
0.415445,0.107527,0.249267
0.415445,0.107527,0.254154
0.415445,0.107527,0.254154
0.415445,0.102639,0.254154
0.410557,0.107527,0.254154
0.410557,0.107527,0.254154
0.410557,0.102639,0.254154
0.410557,0.102639,0.254154
0.405670,0.102639,0.254154
0.405670,0.102639,0.254154
0.405670,0.102639,0.254154
0.405670,0.102639,0.254154
0.405670,0.102639,0.254154
0.405670,0.102639,0.254154
0.400782,0.102639,0.249267
0.400782,0.102639,0.254154
0.400782,0.097752,0.254154
0.400782,0.097752,0.254154
0.395894,0.102639,0.249267
0.391007,0.097752,0.249267
0.395894,0.097752,0.254154
0.391007,0.097752,0.254154
0.391007,0.097752,0.254154
0.391007,0.097752,0.254154
0.391007,0.097752,0.249267
0.386119,0.097752,0.254154
0.386119,0.097752,0.254154
0.381232,0.092864,0.254154
0.386119,0.097752,0.249267
0.386119,0.097752,0.249267
0.386119,0.092864,0.249267
0.386119,0.097752,0.254154
0.386119,0.097752,0.254154
0.386119,0.102639,0.254154
0.386119,0.102639,0.254154
0.386119,0.102639,0.249267
0.386119,0.102639,0.254154
0.386119,0.102639,0.249267
0.386119,0.102639,0.254154
0.386119,0.102639,0.254154
0.386119,0.102639,0.254154
0.386119,0.102639,0.249267
0.386119,0.102639,0.254154
0.386119,0.107527,0.249267
0.386119,0.102639,0.249267
0.386119,0.102639,0.254154
0.386119,0.102639,0.254154
0.386119,0.102639,0.249267
0.386119,0.102639,0.249267
0.386119,0.102639,0.249267
0.386119,0.102639,0.254154
0.381232,0.102639,0.254154
0.376344,0.102639,0.249267
0.386119,0.102639,0.254154
0.386119,0.102639,0.249267
0.381232,0.102639,0.249267
0.386119,0.102639,0.249267
0.381232,0.102639,0.254154
0.381232,0.102639,0.254154
0.381232,0.102639,0.254154
0.381232,0.102639,0.254154
0.381232,0.102639,0.254154
